const_code,constituency,caw_code,ward,centre_code,centre,stream_code,registered
001,CHANGAMWE,0001,PORT REITZ,001,BOMU PRIMARY SCHOOL,001001000100101,673
001,CHANGAMWE,0001,PORT REITZ,001,BOMU PRIMARY SCHOOL,001001000100102,673
001,CHANGAMWE,0001,PORT REITZ,001,BOMU PRIMARY SCHOOL,001001000100103,673
001,CHANGAMWE,0001,PORT REITZ,001,BOMU PRIMARY SCHOOL,001001000100104,672
001,CHANGAMWE,0001,PORT REITZ,001,BOMU PRIMARY SCHOOL,001001000100105,672
001,CHANGAMWE,0001,PORT REITZ,001,BOMU PRIMARY SCHOOL,001001000100106,672
001,CHANGAMWE,0001,PORT REITZ,001,BOMU PRIMARY SCHOOL,001001000100107,672
001,CHANGAMWE,0001,PORT REITZ,001,BOMU PRIMARY SCHOOL,001001000100108,672
001,CHANGAMWE,0001,PORT REITZ,001,BOMU PRIMARY SCHOOL,001001000100109,672
001,CHANGAMWE,0001,PORT REITZ,001,BOMU PRIMARY SCHOOL,001001000100110,672
001,CHANGAMWE,0001,PORT REITZ,001,BOMU PRIMARY SCHOOL,001001000100111,672
001,CHANGAMWE,0001,PORT REITZ,001,BOMU PRIMARY SCHOOL,001001000100112,672
001,CHANGAMWE,0001,PORT REITZ,001,BOMU PRIMARY SCHOOL,001001000100113,672
001,CHANGAMWE,0001,PORT REITZ,001,BOMU PRIMARY SCHOOL,001001000100114,672
001,CHANGAMWE,0001,PORT REITZ,002,MWIJABU PRIMARY SCHOOL,001001000100201,620
001,CHANGAMWE,0001,PORT REITZ,002,MWIJABU PRIMARY SCHOOL,001001000100202,620
001,CHANGAMWE,0001,PORT REITZ,002,MWIJABU PRIMARY SCHOOL,001001000100203,620
001,CHANGAMWE,0001,PORT REITZ,002,MWIJABU PRIMARY SCHOOL,001001000100204,620
001,CHANGAMWE,0001,PORT REITZ,002,MWIJABU PRIMARY SCHOOL,001001000100205,619
001,CHANGAMWE,0001,PORT REITZ,002,MWIJABU PRIMARY SCHOOL,001001000100206,619
001,CHANGAMWE,0001,PORT REITZ,002,MWIJABU PRIMARY SCHOOL,001001000100207,619
001,CHANGAMWE,0001,PORT REITZ,003,LILONGWE GARDEN,001001000100301,617
001,CHANGAMWE,0001,PORT REITZ,003,LILONGWE GARDEN,001001000100302,617
001,CHANGAMWE,0001,PORT REITZ,003,LILONGWE GARDEN,001001000100303,617
001,CHANGAMWE,0001,PORT REITZ,003,LILONGWE GARDEN,001001000100304,617
001,CHANGAMWE,0001,PORT REITZ,003,LILONGWE GARDEN,001001000100305,617
001,CHANGAMWE,0001,PORT REITZ,025,BOMU STADIUM,001001000102501,628
001,CHANGAMWE,0001,PORT REITZ,026,BOMU SECONDARY SCHOOL,001001000102601,283
001,CHANGAMWE,0001,PORT REITZ,027,FULL GOSPEL CHURCH GROUND,001001000102701,73
001,CHANGAMWE,0002,KIPEVU,004,UMOJA PRIMARY SCHOOL,001001000200401,672
001,CHANGAMWE,0002,KIPEVU,004,UMOJA PRIMARY SCHOOL,001001000200402,672
001,CHANGAMWE,0002,KIPEVU,004,UMOJA PRIMARY SCHOOL,001001000200403,672
001,CHANGAMWE,0002,KIPEVU,004,UMOJA PRIMARY SCHOOL,001001000200404,672
001,CHANGAMWE,0002,KIPEVU,004,UMOJA PRIMARY SCHOOL,001001000200405,672
001,CHANGAMWE,0002,KIPEVU,005,KISUMU NDOGO GROUND,001001000200501,684
001,CHANGAMWE,0002,KIPEVU,005,KISUMU NDOGO GROUND,001001000200502,684
001,CHANGAMWE,0002,KIPEVU,005,KISUMU NDOGO GROUND,001001000200503,684
001,CHANGAMWE,0002,KIPEVU,005,KISUMU NDOGO GROUND,001001000200504,684
001,CHANGAMWE,0002,KIPEVU,005,KISUMU NDOGO GROUND,001001000200505,683
001,CHANGAMWE,0002,KIPEVU,006,KWA HOLA PRIMARY SCHOOL,001001000200601,618
001,CHANGAMWE,0002,KIPEVU,006,KWA HOLA PRIMARY SCHOOL,001001000200602,618
001,CHANGAMWE,0002,KIPEVU,006,KWA HOLA PRIMARY SCHOOL,001001000200603,618
001,CHANGAMWE,0002,KIPEVU,006,KWA HOLA PRIMARY SCHOOL,001001000200604,618
001,CHANGAMWE,0002,KIPEVU,006,KWA HOLA PRIMARY SCHOOL,001001000200605,618
001,CHANGAMWE,0002,KIPEVU,007,CAPE TOWN GROUND,001001000200701,642
001,CHANGAMWE,0002,KIPEVU,007,CAPE TOWN GROUND,001001000200702,642
001,CHANGAMWE,0002,KIPEVU,007,CAPE TOWN GROUND,001001000200703,641
001,CHANGAMWE,0002,KIPEVU,007,CAPE TOWN GROUND,001001000200704,641
001,CHANGAMWE,0002,KIPEVU,007,CAPE TOWN GROUND,001001000200705,641
001,CHANGAMWE,0002,KIPEVU,007,CAPE TOWN GROUND,001001000200706,641
001,CHANGAMWE,0002,KIPEVU,007,CAPE TOWN GROUND,001001000200707,641
001,CHANGAMWE,0002,KIPEVU,008,KALOLENI GROUND,001001000200801,478
001,CHANGAMWE,0002,KIPEVU,008,KALOLENI GROUND,001001000200802,478
001,CHANGAMWE,0002,KIPEVU,008,KALOLENI GROUND,001001000200803,478
001,CHANGAMWE,0002,KIPEVU,028,AKAMBA HANDCRAFT COOP. SOCIETY HALL,001001000202801,340
001,CHANGAMWE,0003,AIRPORT,009,BOKOLE NURSERY SCHOOL,001001000300901,621
001,CHANGAMWE,0003,AIRPORT,009,BOKOLE NURSERY SCHOOL,001001000300902,621
001,CHANGAMWE,0003,AIRPORT,009,BOKOLE NURSERY SCHOOL,001001000300903,621
001,CHANGAMWE,0003,AIRPORT,009,BOKOLE NURSERY SCHOOL,001001000300904,621
001,CHANGAMWE,0003,AIRPORT,009,BOKOLE NURSERY SCHOOL,001001000300905,621
001,CHANGAMWE,0003,AIRPORT,009,BOKOLE NURSERY SCHOOL,001001000300906,621
001,CHANGAMWE,0003,AIRPORT,010,BARAKA VILLAGE,001001000301001,693
001,CHANGAMWE,0003,AIRPORT,010,BARAKA VILLAGE,001001000301002,693
001,CHANGAMWE,0003,AIRPORT,010,BARAKA VILLAGE,001001000301003,693
001,CHANGAMWE,0003,AIRPORT,010,BARAKA VILLAGE,001001000301004,693
001,CHANGAMWE,0003,AIRPORT,010,BARAKA VILLAGE,001001000301005,692
001,CHANGAMWE,0003,AIRPORT,010,BARAKA VILLAGE,001001000301006,692
001,CHANGAMWE,0003,AIRPORT,011,AL-IRSHADI NURSERY SCHOOL,001001000301101,651
001,CHANGAMWE,0003,AIRPORT,011,AL-IRSHADI NURSERY SCHOOL,001001000301102,651
001,CHANGAMWE,0003,AIRPORT,011,AL-IRSHADI NURSERY SCHOOL,001001000301103,651
001,CHANGAMWE,0003,AIRPORT,011,AL-IRSHADI NURSERY SCHOOL,001001000301104,650
001,CHANGAMWE,0003,AIRPORT,011,AL-IRSHADI NURSERY SCHOOL,001001000301105,650
001,CHANGAMWE,0003,AIRPORT,011,AL-IRSHADI NURSERY SCHOOL,001001000301106,650
001,CHANGAMWE,0003,AIRPORT,011,AL-IRSHADI NURSERY SCHOOL,001001000301107,650
001,CHANGAMWE,0003,AIRPORT,011,AL-IRSHADI NURSERY SCHOOL,001001000301108,650
001,CHANGAMWE,0003,AIRPORT,012,MWIDANI SOCIAL HALL,001001000301201,611
001,CHANGAMWE,0003,AIRPORT,012,MWIDANI SOCIAL HALL,001001000301202,611
001,CHANGAMWE,0003,AIRPORT,012,MWIDANI SOCIAL HALL,001001000301203,611
001,CHANGAMWE,0003,AIRPORT,012,MWIDANI SOCIAL HALL,001001000301204,611
001,CHANGAMWE,0003,AIRPORT,012,MWIDANI SOCIAL HALL,001001000301205,611
001,CHANGAMWE,0003,AIRPORT,012,MWIDANI SOCIAL HALL,001001000301206,611
001,CHANGAMWE,0003,AIRPORT,012,MWIDANI SOCIAL HALL,001001000301207,610
001,CHANGAMWE,0003,AIRPORT,013,PORTREITZ NURSERY SCHOOL,001001000301301,598
001,CHANGAMWE,0003,AIRPORT,013,PORTREITZ NURSERY SCHOOL,001001000301302,598
001,CHANGAMWE,0004,CHANGAMWE,014,CHANGAMWE SOCIAL HALL,001001000401401,687
001,CHANGAMWE,0004,CHANGAMWE,014,CHANGAMWE SOCIAL HALL,001001000401402,687
001,CHANGAMWE,0004,CHANGAMWE,014,CHANGAMWE SOCIAL HALL,001001000401403,687
001,CHANGAMWE,0004,CHANGAMWE,014,CHANGAMWE SOCIAL HALL,001001000401404,687
001,CHANGAMWE,0004,CHANGAMWE,014,CHANGAMWE SOCIAL HALL,001001000401405,687
001,CHANGAMWE,0004,CHANGAMWE,014,CHANGAMWE SOCIAL HALL,001001000401406,687
001,CHANGAMWE,0004,CHANGAMWE,014,CHANGAMWE SOCIAL HALL,001001000401407,687
001,CHANGAMWE,0004,CHANGAMWE,014,CHANGAMWE SOCIAL HALL,001001000401408,687
001,CHANGAMWE,0004,CHANGAMWE,014,CHANGAMWE SOCIAL HALL,001001000401409,687
001,CHANGAMWE,0004,CHANGAMWE,015,CHANGAMWE PRIMARY SCHOOL,001001000401501,675
001,CHANGAMWE,0004,CHANGAMWE,015,CHANGAMWE PRIMARY SCHOOL,001001000401502,675
001,CHANGAMWE,0004,CHANGAMWE,016,ST. LWANGA PRIMARY SCHOOL,001001000401601,642
001,CHANGAMWE,0004,CHANGAMWE,016,ST. LWANGA PRIMARY SCHOOL,001001000401602,642
001,CHANGAMWE,0004,CHANGAMWE,016,ST. LWANGA PRIMARY SCHOOL,001001000401603,641
001,CHANGAMWE,0004,CHANGAMWE,016,ST. LWANGA PRIMARY SCHOOL,001001000401604,641
001,CHANGAMWE,0004,CHANGAMWE,017,CHANGAMWE SECONDARY SCHOOL,001001000401701,515
001,CHANGAMWE,0004,CHANGAMWE,017,CHANGAMWE SECONDARY SCHOOL,001001000401702,514
001,CHANGAMWE,0004,CHANGAMWE,018,GOME PRIMARY SCHOOL,001001000401801,605
001,CHANGAMWE,0004,CHANGAMWE,018,GOME PRIMARY SCHOOL,001001000401802,604
001,CHANGAMWE,0004,CHANGAMWE,018,GOME PRIMARY SCHOOL,001001000401803,604
001,CHANGAMWE,0004,CHANGAMWE,019,MAGONGO PRIMARY SCHOOL,001001000401901,532
001,CHANGAMWE,0004,CHANGAMWE,019,MAGONGO PRIMARY SCHOOL,001001000401902,531
001,CHANGAMWE,0004,CHANGAMWE,019,MAGONGO PRIMARY SCHOOL,001001000401903,531
001,CHANGAMWE,0004,CHANGAMWE,019,MAGONGO PRIMARY SCHOOL,001001000401904,531
001,CHANGAMWE,0004,CHANGAMWE,020,BAPTIST CHURCH PRIMARY SCHOOL,001001000402001,583
001,CHANGAMWE,0004,CHANGAMWE,020,BAPTIST CHURCH PRIMARY SCHOOL,001001000402002,583
001,CHANGAMWE,0004,CHANGAMWE,020,BAPTIST CHURCH PRIMARY SCHOOL,001001000402003,583
001,CHANGAMWE,0004,CHANGAMWE,020,BAPTIST CHURCH PRIMARY SCHOOL,001001000402004,583
001,CHANGAMWE,0004,CHANGAMWE,029,BISHOP MKALA ACADEMY,001001000402901,172
001,CHANGAMWE,0004,CHANGAMWE,030,KIMBILIO ACADEMY,001001000403001,556
001,CHANGAMWE,0004,CHANGAMWE,032,AIC CHURCH HALL,001001000403201,56
001,CHANGAMWE,0005,CHAANI,021,CHAANI SOCIAL HALL,001001000502101,666
001,CHANGAMWE,0005,CHAANI,021,CHAANI SOCIAL HALL,001001000502102,666
001,CHANGAMWE,0005,CHAANI,021,CHAANI SOCIAL HALL,001001000502103,666
001,CHANGAMWE,0005,CHAANI,021,CHAANI SOCIAL HALL,001001000502104,666
001,CHANGAMWE,0005,CHAANI,021,CHAANI SOCIAL HALL,001001000502105,666
001,CHANGAMWE,0005,CHAANI,021,CHAANI SOCIAL HALL,001001000502106,666
001,CHANGAMWE,0005,CHAANI,021,CHAANI SOCIAL HALL,001001000502107,666
001,CHANGAMWE,0005,CHAANI,021,CHAANI SOCIAL HALL,001001000502108,666
001,CHANGAMWE,0005,CHAANI,021,CHAANI SOCIAL HALL,001001000502109,666
001,CHANGAMWE,0005,CHAANI,021,CHAANI SOCIAL HALL,001001000502110,665
001,CHANGAMWE,0005,CHAANI,021,CHAANI SOCIAL HALL,001001000502111,665
001,CHANGAMWE,0005,CHAANI,021,CHAANI SOCIAL HALL,001001000502112,665
001,CHANGAMWE,0005,CHAANI,021,CHAANI SOCIAL HALL,001001000502113,665
001,CHANGAMWE,0005,CHAANI,022,KIPEVU PRIMARY SCHOOL,001001000502201,685
001,CHANGAMWE,0005,CHAANI,022,KIPEVU PRIMARY SCHOOL,001001000502202,685
001,CHANGAMWE,0005,CHAANI,022,KIPEVU PRIMARY SCHOOL,001001000502203,685
001,CHANGAMWE,0005,CHAANI,022,KIPEVU PRIMARY SCHOOL,001001000502204,685
001,CHANGAMWE,0005,CHAANI,022,KIPEVU PRIMARY SCHOOL,001001000502205,684
001,CHANGAMWE,0005,CHAANI,023,MIKADINI PRIMARY SCHOOL,001001000502301,606
001,CHANGAMWE,0005,CHAANI,023,MIKADINI PRIMARY SCHOOL,001001000502302,606
001,CHANGAMWE,0005,CHAANI,023,MIKADINI PRIMARY SCHOOL,001001000502303,606
001,CHANGAMWE,0005,CHAANI,023,MIKADINI PRIMARY SCHOOL,001001000502304,606
001,CHANGAMWE,0005,CHAANI,023,MIKADINI PRIMARY SCHOOL,001001000502305,606
001,CHANGAMWE,0005,CHAANI,023,MIKADINI PRIMARY SCHOOL,001001000502306,606
001,CHANGAMWE,0005,CHAANI,023,MIKADINI PRIMARY SCHOOL,001001000502307,605
001,CHANGAMWE,0005,CHAANI,024,CHAANI PRIMARY SCHOOL,001001000502401,640
001,CHANGAMWE,0005,CHAANI,024,CHAANI PRIMARY SCHOOL,001001000502402,639
001,CHANGAMWE,0005,CHAANI,024,CHAANI PRIMARY SCHOOL,001001000502403,639
001,CHANGAMWE,0005,CHAANI,024,CHAANI PRIMARY SCHOOL,001001000502404,639
001,CHANGAMWE,0005,CHAANI,024,CHAANI PRIMARY SCHOOL,001001000502405,639
001,CHANGAMWE,0005,CHAANI,024,CHAANI PRIMARY SCHOOL,001001000502406,639
001,CHANGAMWE,0005,CHAANI,024,CHAANI PRIMARY SCHOOL,001001000502407,639
001,CHANGAMWE,0005,CHAANI,024,CHAANI PRIMARY SCHOOL,001001000502408,639
001,CHANGAMWE,0005,CHAANI,024,CHAANI PRIMARY SCHOOL,001001000502409,639
001,CHANGAMWE,0005,CHAANI,031,CHAANI SECONDARY SCHOOL,001001000503101,113
001,CHANGAMWE,0005,CHAANI,033,CHAANI CHIEF'S OFFICE,001001000503301,558
001,CHANGAMWE,0005,CHAANI,035,KASARANI GROUNDS,001001000503501,131
002,JOMVU,0006,JOMVU KUU,001,MIRITINI WORLD BANK PRIMARY SCHOOL,001002000600101,634
002,JOMVU,0006,JOMVU KUU,001,MIRITINI WORLD BANK PRIMARY SCHOOL,001002000600102,634
002,JOMVU,0006,JOMVU KUU,001,MIRITINI WORLD BANK PRIMARY SCHOOL,001002000600103,633
002,JOMVU,0006,JOMVU KUU,001,MIRITINI WORLD BANK PRIMARY SCHOOL,001002000600104,633
002,JOMVU,0006,JOMVU KUU,001,MIRITINI WORLD BANK PRIMARY SCHOOL,001002000600105,633
002,JOMVU,0006,JOMVU KUU,001,MIRITINI WORLD BANK PRIMARY SCHOOL,001002000600106,633
002,JOMVU,0006,JOMVU KUU,001,MIRITINI WORLD BANK PRIMARY SCHOOL,001002000600107,633
002,JOMVU,0006,JOMVU KUU,001,MIRITINI WORLD BANK PRIMARY SCHOOL,001002000600108,633
002,JOMVU,0006,JOMVU KUU,002,JOMVU KUU PRIMARY SCHOOL,001002000600201,634
002,JOMVU,0006,JOMVU KUU,002,JOMVU KUU PRIMARY SCHOOL,001002000600202,634
002,JOMVU,0006,JOMVU KUU,002,JOMVU KUU PRIMARY SCHOOL,001002000600203,633
002,JOMVU,0006,JOMVU KUU,002,JOMVU KUU PRIMARY SCHOOL,001002000600204,633
002,JOMVU,0006,JOMVU KUU,002,JOMVU KUU PRIMARY SCHOOL,001002000600205,633
002,JOMVU,0006,JOMVU KUU,002,JOMVU KUU PRIMARY SCHOOL,001002000600206,633
002,JOMVU,0006,JOMVU KUU,002,JOMVU KUU PRIMARY SCHOOL,001002000600207,633
002,JOMVU,0006,JOMVU KUU,002,JOMVU KUU PRIMARY SCHOOL,001002000600208,633
002,JOMVU,0006,JOMVU KUU,002,JOMVU KUU PRIMARY SCHOOL,001002000600209,633
002,JOMVU,0006,JOMVU KUU,003,TARATIBU SOCIAL HALL,001002000600301,471
002,JOMVU,0006,JOMVU KUU,003,TARATIBU SOCIAL HALL,001002000600302,470
002,JOMVU,0006,JOMVU KUU,004,MIRIRONI PRIMARY SCHOOL,001002000600401,468
002,JOMVU,0006,JOMVU KUU,006,JOMVU NARCOL NURSERY SCHOOL,001002000600601,538
002,JOMVU,0006,JOMVU KUU,006,JOMVU NARCOL NURSERY SCHOOL,001002000600602,538
002,JOMVU,0006,JOMVU KUU,006,JOMVU NARCOL NURSERY SCHOOL,001002000600603,538
002,JOMVU,0006,JOMVU KUU,007,SWALEH KHALID SOCIAL HALL,001002000600701,682
002,JOMVU,0006,JOMVU KUU,007,SWALEH KHALID SOCIAL HALL,001002000600702,682
002,JOMVU,0006,JOMVU KUU,007,SWALEH KHALID SOCIAL HALL,001002000600703,681
002,JOMVU,0006,JOMVU KUU,008,NURU COMMUNITY BASED REHABILITATION SCHOOL,001002000600801,673
002,JOMVU,0006,JOMVU KUU,008,NURU COMMUNITY BASED REHABILITATION SCHOOL,001002000600802,673
002,JOMVU,0006,JOMVU KUU,008,NURU COMMUNITY BASED REHABILITATION SCHOOL,001002000600803,673
002,JOMVU,0006,JOMVU KUU,008,NURU COMMUNITY BASED REHABILITATION SCHOOL,001002000600804,673
002,JOMVU,0006,JOMVU KUU,008,NURU COMMUNITY BASED REHABILITATION SCHOOL,001002000600805,672
002,JOMVU,0006,JOMVU KUU,021,BADI TWALIB PRIMARY SCHOOL,001002000602101,251
002,JOMVU,0006,JOMVU KUU,022,ALDINNAH OPEN GROUNDS,001002000602201,676
002,JOMVU,0006,JOMVU KUU,022,ALDINNAH OPEN GROUNDS,001002000602202,676
002,JOMVU,0006,JOMVU KUU,022,ALDINNAH OPEN GROUNDS,001002000602203,675
002,JOMVU,0006,JOMVU KUU,022,ALDINNAH OPEN GROUNDS,001002000602204,675
002,JOMVU,0006,JOMVU KUU,022,ALDINNAH OPEN GROUNDS,001002000602205,675
002,JOMVU,0006,JOMVU KUU,022,ALDINNAH OPEN GROUNDS,001002000602206,675
002,JOMVU,0006,JOMVU KUU,022,ALDINNAH OPEN GROUNDS,001002000602207,675
002,JOMVU,0006,JOMVU KUU,023,MISUFINI OPEN GROUNDS,001002000602301,68
002,JOMVU,0007,MIRITINI,009,ABU-UBAIDA PRIMARY SCHOOL,001002000700901,620
002,JOMVU,0007,MIRITINI,009,ABU-UBAIDA PRIMARY SCHOOL,001002000700902,619
002,JOMVU,0007,MIRITINI,009,ABU-UBAIDA PRIMARY SCHOOL,001002000700903,619
002,JOMVU,0007,MIRITINI,009,ABU-UBAIDA PRIMARY SCHOOL,001002000700904,619
002,JOMVU,0007,MIRITINI,009,ABU-UBAIDA PRIMARY SCHOOL,001002000700905,619
002,JOMVU,0007,MIRITINI,009,ABU-UBAIDA PRIMARY SCHOOL,001002000700906,619
002,JOMVU,0007,MIRITINI,010,MIRITINI PRIMARY SCHOOL,001002000701001,659
002,JOMVU,0007,MIRITINI,010,MIRITINI PRIMARY SCHOOL,001002000701002,659
002,JOMVU,0007,MIRITINI,010,MIRITINI PRIMARY SCHOOL,001002000701003,659
002,JOMVU,0007,MIRITINI,010,MIRITINI PRIMARY SCHOOL,001002000701004,659
002,JOMVU,0007,MIRITINI,010,MIRITINI PRIMARY SCHOOL,001002000701005,659
002,JOMVU,0007,MIRITINI,010,MIRITINI PRIMARY SCHOOL,001002000701006,659
002,JOMVU,0007,MIRITINI,011,BAMAKO INNITIATIVE MIRITINI,001002000701101,535
002,JOMVU,0007,MIRITINI,011,BAMAKO INNITIATIVE MIRITINI,001002000701102,535
002,JOMVU,0007,MIRITINI,011,BAMAKO INNITIATIVE MIRITINI,001002000701103,534
002,JOMVU,0007,MIRITINI,012,RAILWAY STATION HALL,001002000701201,640
002,JOMVU,0007,MIRITINI,012,RAILWAY STATION HALL,001002000701202,639
002,JOMVU,0007,MIRITINI,012,RAILWAY STATION HALL,001002000701203,639
002,JOMVU,0007,MIRITINI,012,RAILWAY STATION HALL,001002000701204,639
002,JOMVU,0007,MIRITINI,012,RAILWAY STATION HALL,001002000701205,639
002,JOMVU,0007,MIRITINI,012,RAILWAY STATION HALL,001002000701206,639
002,JOMVU,0007,MIRITINI,012,RAILWAY STATION HALL,001002000701207,639
002,JOMVU,0007,MIRITINI,012,RAILWAY STATION HALL,001002000701208,639
002,JOMVU,0007,MIRITINI,012,RAILWAY STATION HALL,001002000701209,639
002,JOMVU,0007,MIRITINI,012,RAILWAY STATION HALL,001002000701210,639
002,JOMVU,0007,MIRITINI,013,MWAMLAI PRIMARY SCHOOL,001002000701301,533
002,JOMVU,0007,MIRITINI,013,MWAMLAI PRIMARY SCHOOL,001002000701302,533
002,JOMVU,0007,MIRITINI,013,MWAMLAI PRIMARY SCHOOL,001002000701303,533
002,JOMVU,0007,MIRITINI,013,MWAMLAI PRIMARY SCHOOL,001002000701304,533
002,JOMVU,0007,MIRITINI,024,CHABEAT OPEN GROUND - CHAMUNYU,001002000702401,29
002,JOMVU,0007,MIRITINI,025,MAGANDA PRIMARY SCHOOL,001002000702501,223
002,JOMVU,0008,MIKINDANI,014,MINISTRY OF WATER TANKS,001002000801401,615
002,JOMVU,0008,MIKINDANI,014,MINISTRY OF WATER TANKS,001002000801402,614
002,JOMVU,0008,MIKINDANI,014,MINISTRY OF WATER TANKS,001002000801403,614
002,JOMVU,0008,MIKINDANI,014,MINISTRY OF WATER TANKS,001002000801404,614
002,JOMVU,0008,MIKINDANI,014,MINISTRY OF WATER TANKS,001002000801405,614
002,JOMVU,0008,MIKINDANI,014,MINISTRY OF WATER TANKS,001002000801406,614
002,JOMVU,0008,MIKINDANI,016,OWINO UHURU NURSERY SCHOOL,001002000801601,476
002,JOMVU,0008,MIKINDANI,016,OWINO UHURU NURSERY SCHOOL,001002000801602,476
002,JOMVU,0008,MIKINDANI,016,OWINO UHURU NURSERY SCHOOL,001002000801603,476
002,JOMVU,0008,MIKINDANI,017,KWA SHEE PRIMARY SCHOOL,001002000801701,605
002,JOMVU,0008,MIKINDANI,017,KWA SHEE PRIMARY SCHOOL,001002000801702,605
002,JOMVU,0008,MIKINDANI,017,KWA SHEE PRIMARY SCHOOL,001002000801703,604
002,JOMVU,0008,MIKINDANI,017,KWA SHEE PRIMARY SCHOOL,001002000801704,604
002,JOMVU,0008,MIKINDANI,017,KWA SHEE PRIMARY SCHOOL,001002000801705,604
002,JOMVU,0008,MIKINDANI,018,AMANI PRIMARY SCHOOL,001002000801801,643
002,JOMVU,0008,MIKINDANI,018,AMANI PRIMARY SCHOOL,001002000801802,643
002,JOMVU,0008,MIKINDANI,018,AMANI PRIMARY SCHOOL,001002000801803,643
002,JOMVU,0008,MIKINDANI,018,AMANI PRIMARY SCHOOL,001002000801804,643
002,JOMVU,0008,MIKINDANI,018,AMANI PRIMARY SCHOOL,001002000801805,643
002,JOMVU,0008,MIKINDANI,018,AMANI PRIMARY SCHOOL,001002000801806,643
002,JOMVU,0008,MIKINDANI,018,AMANI PRIMARY SCHOOL,001002000801807,643
002,JOMVU,0008,MIKINDANI,018,AMANI PRIMARY SCHOOL,001002000801808,643
002,JOMVU,0008,MIKINDANI,018,AMANI PRIMARY SCHOOL,001002000801809,643
002,JOMVU,0008,MIKINDANI,018,AMANI PRIMARY SCHOOL,001002000801810,642
002,JOMVU,0008,MIKINDANI,018,AMANI PRIMARY SCHOOL,001002000801811,642
002,JOMVU,0008,MIKINDANI,019,ST. MARY'S BANGLADESH PRIMARY SCHOOL,001002000801901,672
002,JOMVU,0008,MIKINDANI,019,ST. MARY'S BANGLADESH PRIMARY SCHOOL,001002000801902,672
002,JOMVU,0008,MIKINDANI,019,ST. MARY'S BANGLADESH PRIMARY SCHOOL,001002000801903,671
002,JOMVU,0008,MIKINDANI,019,ST. MARY'S BANGLADESH PRIMARY SCHOOL,001002000801904,671
002,JOMVU,0008,MIKINDANI,019,ST. MARY'S BANGLADESH PRIMARY SCHOOL,001002000801905,671
002,JOMVU,0008,MIKINDANI,019,ST. MARY'S BANGLADESH PRIMARY SCHOOL,001002000801906,671
002,JOMVU,0008,MIKINDANI,019,ST. MARY'S BANGLADESH PRIMARY SCHOOL,001002000801907,671
002,JOMVU,0008,MIKINDANI,020,MIKINDANI PRIMARY SCHOOL,001002000802001,625
002,JOMVU,0008,MIKINDANI,020,MIKINDANI PRIMARY SCHOOL,001002000802002,625
002,JOMVU,0008,MIKINDANI,020,MIKINDANI PRIMARY SCHOOL,001002000802003,625
002,JOMVU,0008,MIKINDANI,020,MIKINDANI PRIMARY SCHOOL,001002000802004,625
002,JOMVU,0008,MIKINDANI,020,MIKINDANI PRIMARY SCHOOL,001002000802005,625
002,JOMVU,0008,MIKINDANI,020,MIKINDANI PRIMARY SCHOOL,001002000802006,624
002,JOMVU,0008,MIKINDANI,020,MIKINDANI PRIMARY SCHOOL,001002000802007,624
002,JOMVU,0008,MIKINDANI,020,MIKINDANI PRIMARY SCHOOL,001002000802008,624
002,JOMVU,0008,MIKINDANI,020,MIKINDANI PRIMARY SCHOOL,001002000802009,624
002,JOMVU,0008,MIKINDANI,026,NEW KIBARANI PRIMARY SCHOOL,001002000802601,602
002,JOMVU,0008,MIKINDANI,027,KAJEMBE HIGH SCHOOL,001002000802701,661
002,JOMVU,0008,MIKINDANI,027,KAJEMBE HIGH SCHOOL,001002000802702,660
002,JOMVU,0008,MIKINDANI,027,KAJEMBE HIGH SCHOOL,001002000802703,660
002,JOMVU,0008,MIKINDANI,027,KAJEMBE HIGH SCHOOL,001002000802704,660
002,JOMVU,0008,MIKINDANI,027,KAJEMBE HIGH SCHOOL,001002000802705,660
002,JOMVU,0008,MIKINDANI,027,KAJEMBE HIGH SCHOOL,001002000802706,660
002,JOMVU,0008,MIKINDANI,027,KAJEMBE HIGH SCHOOL,001002000802707,660
002,JOMVU,0008,MIKINDANI,027,KAJEMBE HIGH SCHOOL,001002000802708,660
002,JOMVU,0008,MIKINDANI,027,KAJEMBE HIGH SCHOOL,001002000802709,660
002,JOMVU,0008,MIKINDANI,027,KAJEMBE HIGH SCHOOL,001002000802710,660
002,JOMVU,0008,MIKINDANI,028,NAZARENE NURSERY SCHOOL,001002000802801,36
002,JOMVU,0008,MIKINDANI,029,MWEMBENI OPEN GROUNDS,001002000802901,29
003,KISAUNI,0009,MJAMBERE,001,KISAUNI BAPTIST PRIMARY SCHOOL,001003000900101,655
003,KISAUNI,0009,MJAMBERE,001,KISAUNI BAPTIST PRIMARY SCHOOL,001003000900102,655
003,KISAUNI,0009,MJAMBERE,001,KISAUNI BAPTIST PRIMARY SCHOOL,001003000900103,655
003,KISAUNI,0009,MJAMBERE,001,KISAUNI BAPTIST PRIMARY SCHOOL,001003000900104,655
003,KISAUNI,0009,MJAMBERE,001,KISAUNI BAPTIST PRIMARY SCHOOL,001003000900105,655
003,KISAUNI,0009,MJAMBERE,001,KISAUNI BAPTIST PRIMARY SCHOOL,001003000900106,655
003,KISAUNI,0009,MJAMBERE,001,KISAUNI BAPTIST PRIMARY SCHOOL,001003000900107,655
003,KISAUNI,0009,MJAMBERE,001,KISAUNI BAPTIST PRIMARY SCHOOL,001003000900108,655
003,KISAUNI,0009,MJAMBERE,001,KISAUNI BAPTIST PRIMARY SCHOOL,001003000900109,655
003,KISAUNI,0009,MJAMBERE,001,KISAUNI BAPTIST PRIMARY SCHOOL,001003000900110,655
003,KISAUNI,0009,MJAMBERE,001,KISAUNI BAPTIST PRIMARY SCHOOL,001003000900111,654
003,KISAUNI,0009,MJAMBERE,001,KISAUNI BAPTIST PRIMARY SCHOOL,001003000900112,654
003,KISAUNI,0009,MJAMBERE,001,KISAUNI BAPTIST PRIMARY SCHOOL,001003000900113,654
003,KISAUNI,0009,MJAMBERE,001,KISAUNI BAPTIST PRIMARY SCHOOL,001003000900114,654
003,KISAUNI,0009,MJAMBERE,002,KISAUNI WATER & SEWERAGE OFFICES,001003000900201,694
003,KISAUNI,0009,MJAMBERE,002,KISAUNI WATER & SEWERAGE OFFICES,001003000900202,694
003,KISAUNI,0009,MJAMBERE,002,KISAUNI WATER & SEWERAGE OFFICES,001003000900203,693
003,KISAUNI,0009,MJAMBERE,002,KISAUNI WATER & SEWERAGE OFFICES,001003000900204,693
003,KISAUNI,0009,MJAMBERE,002,KISAUNI WATER & SEWERAGE OFFICES,001003000900205,693
003,KISAUNI,0009,MJAMBERE,002,KISAUNI WATER & SEWERAGE OFFICES,001003000900206,693
003,KISAUNI,0009,MJAMBERE,002,KISAUNI WATER & SEWERAGE OFFICES,001003000900207,693
003,KISAUNI,0009,MJAMBERE,003,KADONGO GROUNDS - MISHOMORONI,001003000900301,690
003,KISAUNI,0009,MJAMBERE,003,KADONGO GROUNDS - MISHOMORONI,001003000900302,690
003,KISAUNI,0009,MJAMBERE,003,KADONGO GROUNDS - MISHOMORONI,001003000900303,690
003,KISAUNI,0009,MJAMBERE,003,KADONGO GROUNDS - MISHOMORONI,001003000900304,690
003,KISAUNI,0009,MJAMBERE,003,KADONGO GROUNDS - MISHOMORONI,001003000900305,689
003,KISAUNI,0009,MJAMBERE,003,KADONGO GROUNDS - MISHOMORONI,001003000900306,689
003,KISAUNI,0009,MJAMBERE,003,KADONGO GROUNDS - MISHOMORONI,001003000900307,689
003,KISAUNI,0009,MJAMBERE,003,KADONGO GROUNDS - MISHOMORONI,001003000900308,689
003,KISAUNI,0009,MJAMBERE,003,KADONGO GROUNDS - MISHOMORONI,001003000900309,689
003,KISAUNI,0009,MJAMBERE,040,PALANI GROUNDS,001003000904001,617
003,KISAUNI,0009,MJAMBERE,040,PALANI GROUNDS,001003000904002,617
003,KISAUNI,0009,MJAMBERE,040,PALANI GROUNDS,001003000904003,617
003,KISAUNI,0009,MJAMBERE,040,PALANI GROUNDS,001003000904004,617
003,KISAUNI,0010,JUNDA,006,MANYANI GROUNDS,001003001000601,570
003,KISAUNI,0010,JUNDA,006,MANYANI GROUNDS,001003001000602,570
003,KISAUNI,0010,JUNDA,006,MANYANI GROUNDS,001003001000603,569
003,KISAUNI,0010,JUNDA,006,MANYANI GROUNDS,001003001000604,569
003,KISAUNI,0010,JUNDA,006,MANYANI GROUNDS,001003001000605,569
003,KISAUNI,0010,JUNDA,007,IFC CHURCH,001003001000701,631
003,KISAUNI,0010,JUNDA,007,IFC CHURCH,001003001000702,631
003,KISAUNI,0010,JUNDA,007,IFC CHURCH,001003001000703,631
003,KISAUNI,0010,JUNDA,007,IFC CHURCH,001003001000704,631
003,KISAUNI,0010,JUNDA,007,IFC CHURCH,001003001000705,631
003,KISAUNI,0010,JUNDA,007,IFC CHURCH,001003001000706,631
003,KISAUNI,0010,JUNDA,007,IFC CHURCH,001003001000707,631
003,KISAUNI,0010,JUNDA,007,IFC CHURCH,001003001000708,631
003,KISAUNI,0010,JUNDA,007,IFC CHURCH,001003001000709,630
003,KISAUNI,0010,JUNDA,007,IFC CHURCH,001003001000710,630
003,KISAUNI,0010,JUNDA,008,EMMAS ACADEMY,001003001000801,680
003,KISAUNI,0010,JUNDA,008,EMMAS ACADEMY,001003001000802,680
003,KISAUNI,0010,JUNDA,008,EMMAS ACADEMY,001003001000803,680
003,KISAUNI,0010,JUNDA,008,EMMAS ACADEMY,001003001000804,679
003,KISAUNI,0010,JUNDA,008,EMMAS ACADEMY,001003001000805,679
003,KISAUNI,0010,JUNDA,008,EMMAS ACADEMY,001003001000806,679
003,KISAUNI,0010,JUNDA,009,NEW HOPE SECONDARY SCHOOL - MAKUMBA,001003001000901,582
003,KISAUNI,0010,JUNDA,009,NEW HOPE SECONDARY SCHOOL - MAKUMBA,001003001000902,582
003,KISAUNI,0010,JUNDA,009,NEW HOPE SECONDARY SCHOOL - MAKUMBA,001003001000903,582
003,KISAUNI,0010,JUNDA,009,NEW HOPE SECONDARY SCHOOL - MAKUMBA,001003001000904,581
003,KISAUNI,0010,JUNDA,010,ASSISTANT CHIEF'S CAMP - MACHAFUKO,001003001001001,620
003,KISAUNI,0010,JUNDA,010,ASSISTANT CHIEF'S CAMP - MACHAFUKO,001003001001002,620
003,KISAUNI,0010,JUNDA,010,ASSISTANT CHIEF'S CAMP - MACHAFUKO,001003001001003,620
003,KISAUNI,0010,JUNDA,010,ASSISTANT CHIEF'S CAMP - MACHAFUKO,001003001001004,620
003,KISAUNI,0010,JUNDA,010,ASSISTANT CHIEF'S CAMP - MACHAFUKO,001003001001005,620
003,KISAUNI,0010,JUNDA,010,ASSISTANT CHIEF'S CAMP - MACHAFUKO,001003001001006,620
003,KISAUNI,0010,JUNDA,010,ASSISTANT CHIEF'S CAMP - MACHAFUKO,001003001001007,620
003,KISAUNI,0010,JUNDA,010,ASSISTANT CHIEF'S CAMP - MACHAFUKO,001003001001008,619
003,KISAUNI,0010,JUNDA,041,JUNDA ASSISTANT CHIEF'S CAMP-WANGWANI,001003001004101,636
003,KISAUNI,0010,JUNDA,041,JUNDA ASSISTANT CHIEF'S CAMP-WANGWANI,001003001004102,636
003,KISAUNI,0010,JUNDA,041,JUNDA ASSISTANT CHIEF'S CAMP-WANGWANI,001003001004103,636
003,KISAUNI,0010,JUNDA,041,JUNDA ASSISTANT CHIEF'S CAMP-WANGWANI,001003001004104,636
003,KISAUNI,0010,JUNDA,041,JUNDA ASSISTANT CHIEF'S CAMP-WANGWANI,001003001004105,635
003,KISAUNI,0010,JUNDA,041,JUNDA ASSISTANT CHIEF'S CAMP-WANGWANI,001003001004106,635
003,KISAUNI,0010,JUNDA,041,JUNDA ASSISTANT CHIEF'S CAMP-WANGWANI,001003001004107,635
003,KISAUNI,0010,JUNDA,041,JUNDA ASSISTANT CHIEF'S CAMP-WANGWANI,001003001004108,635
003,KISAUNI,0011,BAMBURI,011,KASHANI PRIMARY SCHOOL,001003001101101,547
003,KISAUNI,0011,BAMBURI,011,KASHANI PRIMARY SCHOOL,001003001101102,547
003,KISAUNI,0011,BAMBURI,011,KASHANI PRIMARY SCHOOL,001003001101103,547
003,KISAUNI,0011,BAMBURI,011,KASHANI PRIMARY SCHOOL,001003001101104,547
003,KISAUNI,0011,BAMBURI,012,MAJAONI PRIMARY SCHOOL,001003001101201,665
003,KISAUNI,0011,BAMBURI,012,MAJAONI PRIMARY SCHOOL,001003001101202,665
003,KISAUNI,0011,BAMBURI,012,MAJAONI PRIMARY SCHOOL,001003001101203,664
003,KISAUNI,0011,BAMBURI,012,MAJAONI PRIMARY SCHOOL,001003001101204,664
003,KISAUNI,0011,BAMBURI,012,MAJAONI PRIMARY SCHOOL,001003001101205,664
003,KISAUNI,0011,BAMBURI,012,MAJAONI PRIMARY SCHOOL,001003001101206,664
003,KISAUNI,0011,BAMBURI,012,MAJAONI PRIMARY SCHOOL,001003001101207,664
003,KISAUNI,0011,BAMBURI,012,MAJAONI PRIMARY SCHOOL,001003001101208,664
003,KISAUNI,0011,BAMBURI,013,KIEMBENI PRIMARY SCHOOL,001003001101301,692
003,KISAUNI,0011,BAMBURI,013,KIEMBENI PRIMARY SCHOOL,001003001101302,692
003,KISAUNI,0011,BAMBURI,013,KIEMBENI PRIMARY SCHOOL,001003001101303,692
003,KISAUNI,0011,BAMBURI,013,KIEMBENI PRIMARY SCHOOL,001003001101304,692
003,KISAUNI,0011,BAMBURI,013,KIEMBENI PRIMARY SCHOOL,001003001101305,692
003,KISAUNI,0011,BAMBURI,013,KIEMBENI PRIMARY SCHOOL,001003001101306,692
003,KISAUNI,0011,BAMBURI,013,KIEMBENI PRIMARY SCHOOL,001003001101307,692
003,KISAUNI,0011,BAMBURI,013,KIEMBENI PRIMARY SCHOOL,001003001101308,692
003,KISAUNI,0011,BAMBURI,013,KIEMBENI PRIMARY SCHOOL,001003001101309,691
003,KISAUNI,0011,BAMBURI,013,KIEMBENI PRIMARY SCHOOL,001003001101310,691
003,KISAUNI,0011,BAMBURI,013,KIEMBENI PRIMARY SCHOOL,001003001101311,691
003,KISAUNI,0011,BAMBURI,013,KIEMBENI PRIMARY SCHOOL,001003001101312,691
003,KISAUNI,0011,BAMBURI,013,KIEMBENI PRIMARY SCHOOL,001003001101313,691
003,KISAUNI,0011,BAMBURI,013,KIEMBENI PRIMARY SCHOOL,001003001101314,691
003,KISAUNI,0011,BAMBURI,014,ST. ELIZABETH ACADEMY,001003001101401,577
003,KISAUNI,0011,BAMBURI,014,ST. ELIZABETH ACADEMY,001003001101402,577
003,KISAUNI,0011,BAMBURI,014,ST. ELIZABETH ACADEMY,001003001101403,577
003,KISAUNI,0011,BAMBURI,014,ST. ELIZABETH ACADEMY,001003001101404,577
003,KISAUNI,0011,BAMBURI,014,ST. ELIZABETH ACADEMY,001003001101405,577
003,KISAUNI,0011,BAMBURI,015,MDENGEREKENI PRIMARY SCHOOL,001003001101501,401
003,KISAUNI,0012,MWAKIRUNGE,016,MARIMANI PRIMARY SCHOOL,001003001201601,637
003,KISAUNI,0012,MWAKIRUNGE,016,MARIMANI PRIMARY SCHOOL,001003001201602,637
003,KISAUNI,0012,MWAKIRUNGE,016,MARIMANI PRIMARY SCHOOL,001003001201603,637
003,KISAUNI,0012,MWAKIRUNGE,017,COLORADO PRIMARY SCHOOL,001003001201701,551
003,KISAUNI,0012,MWAKIRUNGE,017,COLORADO PRIMARY SCHOOL,001003001201702,551
003,KISAUNI,0012,MWAKIRUNGE,018,VORONI COMMUNITY PRIMARY SCHOOL,001003001201801,585
003,KISAUNI,0012,MWAKIRUNGE,018,VORONI COMMUNITY PRIMARY SCHOOL,001003001201802,585
003,KISAUNI,0012,MWAKIRUNGE,019,MAUNGUJA PRIMARY SCHOOL,001003001201901,672
003,KISAUNI,0012,MWAKIRUNGE,020,MWAKIRUNGE PRIMARY SCHOOL,001003001202001,523
003,KISAUNI,0012,MWAKIRUNGE,020,MWAKIRUNGE PRIMARY SCHOOL,001003001202002,523
003,KISAUNI,0012,MWAKIRUNGE,020,MWAKIRUNGE PRIMARY SCHOOL,001003001202003,522
003,KISAUNI,0013,MTOPANGA,021,KIEMBENI BAPTIST PRIMARY SCHOOL,001003001302101,652
003,KISAUNI,0013,MTOPANGA,021,KIEMBENI BAPTIST PRIMARY SCHOOL,001003001302102,651
003,KISAUNI,0013,MTOPANGA,021,KIEMBENI BAPTIST PRIMARY SCHOOL,001003001302103,651
003,KISAUNI,0013,MTOPANGA,021,KIEMBENI BAPTIST PRIMARY SCHOOL,001003001302104,651
003,KISAUNI,0013,MTOPANGA,021,KIEMBENI BAPTIST PRIMARY SCHOOL,001003001302105,651
003,KISAUNI,0013,MTOPANGA,021,KIEMBENI BAPTIST PRIMARY SCHOOL,001003001302106,651
003,KISAUNI,0013,MTOPANGA,021,KIEMBENI BAPTIST PRIMARY SCHOOL,001003001302107,651
003,KISAUNI,0013,MTOPANGA,022,MTOPANGA PRIMARY SCHOOL,001003001302201,654
003,KISAUNI,0013,MTOPANGA,022,MTOPANGA PRIMARY SCHOOL,001003001302202,654
003,KISAUNI,0013,MTOPANGA,022,MTOPANGA PRIMARY SCHOOL,001003001302203,654
003,KISAUNI,0013,MTOPANGA,022,MTOPANGA PRIMARY SCHOOL,001003001302204,654
003,KISAUNI,0013,MTOPANGA,022,MTOPANGA PRIMARY SCHOOL,001003001302205,654
003,KISAUNI,0013,MTOPANGA,022,MTOPANGA PRIMARY SCHOOL,001003001302206,654
003,KISAUNI,0013,MTOPANGA,022,MTOPANGA PRIMARY SCHOOL,001003001302207,654
003,KISAUNI,0013,MTOPANGA,022,MTOPANGA PRIMARY SCHOOL,001003001302208,654
003,KISAUNI,0013,MTOPANGA,022,MTOPANGA PRIMARY SCHOOL,001003001302209,654
003,KISAUNI,0013,MTOPANGA,022,MTOPANGA PRIMARY SCHOOL,001003001302210,653
003,KISAUNI,0013,MTOPANGA,023,CONCORDIA PRIMARY SCHOOL,001003001302301,537
003,KISAUNI,0013,MTOPANGA,023,CONCORDIA PRIMARY SCHOOL,001003001302302,536
003,KISAUNI,0013,MTOPANGA,023,CONCORDIA PRIMARY SCHOOL,001003001302303,536
003,KISAUNI,0013,MTOPANGA,023,CONCORDIA PRIMARY SCHOOL,001003001302304,536
003,KISAUNI,0013,MTOPANGA,024,COMMUNITY OF CHRIST CHURCH-MTOPANGA,001003001302401,555
003,KISAUNI,0013,MTOPANGA,024,COMMUNITY OF CHRIST CHURCH-MTOPANGA,001003001302402,555
003,KISAUNI,0013,MTOPANGA,024,COMMUNITY OF CHRIST CHURCH-MTOPANGA,001003001302403,555
003,KISAUNI,0013,MTOPANGA,024,COMMUNITY OF CHRIST CHURCH-MTOPANGA,001003001302404,555
003,KISAUNI,0013,MTOPANGA,025,ST.JOSEPHS HERMAN PRIMARY SCHOOL,001003001302501,568
003,KISAUNI,0013,MTOPANGA,025,ST.JOSEPHS HERMAN PRIMARY SCHOOL,001003001302502,567
003,KISAUNI,0013,MTOPANGA,025,ST.JOSEPHS HERMAN PRIMARY SCHOOL,001003001302503,567
003,KISAUNI,0013,MTOPANGA,025,ST.JOSEPHS HERMAN PRIMARY SCHOOL,001003001302504,567
003,KISAUNI,0013,MTOPANGA,026,PERMA SHARP GROUNDS,001003001302601,581
003,KISAUNI,0013,MTOPANGA,026,PERMA SHARP GROUNDS,001003001302602,581
003,KISAUNI,0013,MTOPANGA,026,PERMA SHARP GROUNDS,001003001302603,581
003,KISAUNI,0014,MAGOGONI,027,MISHOMORONI JUNIOR ACADEMY,001003001402701,691
003,KISAUNI,0014,MAGOGONI,027,MISHOMORONI JUNIOR ACADEMY,001003001402702,691
003,KISAUNI,0014,MAGOGONI,027,MISHOMORONI JUNIOR ACADEMY,001003001402703,691
003,KISAUNI,0014,MAGOGONI,027,MISHOMORONI JUNIOR ACADEMY,001003001402704,690
003,KISAUNI,0014,MAGOGONI,027,MISHOMORONI JUNIOR ACADEMY,001003001402705,690
003,KISAUNI,0014,MAGOGONI,028,MWANDONI (KISHADA) PLAY GROUNDS,001003001402801,663
003,KISAUNI,0014,MAGOGONI,028,MWANDONI (KISHADA) PLAY GROUNDS,001003001402802,663
003,KISAUNI,0014,MAGOGONI,028,MWANDONI (KISHADA) PLAY GROUNDS,001003001402803,663
003,KISAUNI,0014,MAGOGONI,028,MWANDONI (KISHADA) PLAY GROUNDS,001003001402804,663
003,KISAUNI,0014,MAGOGONI,028,MWANDONI (KISHADA) PLAY GROUNDS,001003001402805,662
003,KISAUNI,0014,MAGOGONI,028,MWANDONI (KISHADA) PLAY GROUNDS,001003001402806,662
003,KISAUNI,0014,MAGOGONI,029,BARSHEBA SOKONI GROUNDS,001003001402901,650
003,KISAUNI,0014,MAGOGONI,029,BARSHEBA SOKONI GROUNDS,001003001402902,650
003,KISAUNI,0014,MAGOGONI,029,BARSHEBA SOKONI GROUNDS,001003001402903,650
003,KISAUNI,0014,MAGOGONI,029,BARSHEBA SOKONI GROUNDS,001003001402904,650
003,KISAUNI,0014,MAGOGONI,030,MWANDONI BLUE BENCH GROUNDS,001003001403001,585
003,KISAUNI,0014,MAGOGONI,030,MWANDONI BLUE BENCH GROUNDS,001003001403002,585
003,KISAUNI,0014,MAGOGONI,030,MWANDONI BLUE BENCH GROUNDS,001003001403003,585
003,KISAUNI,0014,MAGOGONI,031,MWANDONI KWA MTUMWA GROUNDS,001003001403101,690
003,KISAUNI,0014,MAGOGONI,031,MWANDONI KWA MTUMWA GROUNDS,001003001403102,690
003,KISAUNI,0014,MAGOGONI,031,MWANDONI KWA MTUMWA GROUNDS,001003001403103,689
003,KISAUNI,0014,MAGOGONI,032,MJAHIDINA MUSLIM SCHOOL,001003001403201,626
003,KISAUNI,0014,MAGOGONI,032,MJAHIDINA MUSLIM SCHOOL,001003001403202,626
003,KISAUNI,0015,SHANZU,033,MIKOROSHONI PRIMARY SCHOOL,001003001503301,621
003,KISAUNI,0015,SHANZU,033,MIKOROSHONI PRIMARY SCHOOL,001003001503302,621
003,KISAUNI,0015,SHANZU,033,MIKOROSHONI PRIMARY SCHOOL,001003001503303,621
003,KISAUNI,0015,SHANZU,033,MIKOROSHONI PRIMARY SCHOOL,001003001503304,621
003,KISAUNI,0015,SHANZU,033,MIKOROSHONI PRIMARY SCHOOL,001003001503305,621
003,KISAUNI,0015,SHANZU,033,MIKOROSHONI PRIMARY SCHOOL,001003001503306,621
003,KISAUNI,0015,SHANZU,033,MIKOROSHONI PRIMARY SCHOOL,001003001503307,621
003,KISAUNI,0015,SHANZU,034,UTANGE PRIMARY SCHOOL,001003001503401,578
003,KISAUNI,0015,SHANZU,034,UTANGE PRIMARY SCHOOL,001003001503402,577
003,KISAUNI,0015,SHANZU,034,UTANGE PRIMARY SCHOOL,001003001503403,577
003,KISAUNI,0015,SHANZU,034,UTANGE PRIMARY SCHOOL,001003001503404,577
003,KISAUNI,0015,SHANZU,036,ZIMLAT PRIMARY SCHOOL,001003001503601,585
003,KISAUNI,0015,SHANZU,036,ZIMLAT PRIMARY SCHOOL,001003001503602,585
003,KISAUNI,0015,SHANZU,036,ZIMLAT PRIMARY SCHOOL,001003001503603,585
003,KISAUNI,0015,SHANZU,036,ZIMLAT PRIMARY SCHOOL,001003001503604,585
003,KISAUNI,0015,SHANZU,037,BAMBURI PRIMARY SCHOOL,001003001503701,605
003,KISAUNI,0015,SHANZU,037,BAMBURI PRIMARY SCHOOL,001003001503702,605
003,KISAUNI,0015,SHANZU,037,BAMBURI PRIMARY SCHOOL,001003001503703,605
003,KISAUNI,0015,SHANZU,037,BAMBURI PRIMARY SCHOOL,001003001503704,605
003,KISAUNI,0015,SHANZU,037,BAMBURI PRIMARY SCHOOL,001003001503705,605
003,KISAUNI,0015,SHANZU,038,SHANZU TEACHERS TRAINING COLLEGE,001003001503801,682
003,KISAUNI,0015,SHANZU,038,SHANZU TEACHERS TRAINING COLLEGE,001003001503802,682
003,KISAUNI,0015,SHANZU,038,SHANZU TEACHERS TRAINING COLLEGE,001003001503803,682
003,KISAUNI,0015,SHANZU,038,SHANZU TEACHERS TRAINING COLLEGE,001003001503804,682
003,KISAUNI,0015,SHANZU,038,SHANZU TEACHERS TRAINING COLLEGE,001003001503805,682
003,KISAUNI,0015,SHANZU,038,SHANZU TEACHERS TRAINING COLLEGE,001003001503806,682
003,KISAUNI,0015,SHANZU,038,SHANZU TEACHERS TRAINING COLLEGE,001003001503807,682
003,KISAUNI,0015,SHANZU,038,SHANZU TEACHERS TRAINING COLLEGE,001003001503808,682
003,KISAUNI,0015,SHANZU,038,SHANZU TEACHERS TRAINING COLLEGE,001003001503809,682
003,KISAUNI,0015,SHANZU,038,SHANZU TEACHERS TRAINING COLLEGE,001003001503810,681
003,KISAUNI,0015,SHANZU,038,SHANZU TEACHERS TRAINING COLLEGE,001003001503811,681
003,KISAUNI,0015,SHANZU,039,SHIMO LA TEWA PRIMARY SCHOOL,001003001503901,560
003,KISAUNI,0015,SHANZU,039,SHIMO LA TEWA PRIMARY SCHOOL,001003001503902,560
003,KISAUNI,0015,SHANZU,039,SHIMO LA TEWA PRIMARY SCHOOL,001003001503903,560
003,KISAUNI,0015,SHANZU,039,SHIMO LA TEWA PRIMARY SCHOOL,001003001503904,559
003,KISAUNI,0015,SHANZU,042,MWEMBELEGEZA PRIMARY SCHOOL,001003001504201,625
003,KISAUNI,0015,SHANZU,042,MWEMBELEGEZA PRIMARY SCHOOL,001003001504202,625
003,KISAUNI,0015,SHANZU,042,MWEMBELEGEZA PRIMARY SCHOOL,001003001504203,625
003,KISAUNI,0015,SHANZU,042,MWEMBELEGEZA PRIMARY SCHOOL,001003001504204,625
003,KISAUNI,0015,SHANZU,042,MWEMBELEGEZA PRIMARY SCHOOL,001003001504205,625
003,KISAUNI,0015,SHANZU,042,MWEMBELEGEZA PRIMARY SCHOOL,001003001504206,625
004,NYALI,0016,FRERE TOWN,001,KHADIJA PRIMARY SCHOOL,001004001600101,650
004,NYALI,0016,FRERE TOWN,001,KHADIJA PRIMARY SCHOOL,001004001600102,650
004,NYALI,0016,FRERE TOWN,001,KHADIJA PRIMARY SCHOOL,001004001600103,650
004,NYALI,0016,FRERE TOWN,001,KHADIJA PRIMARY SCHOOL,001004001600104,650
004,NYALI,0016,FRERE TOWN,001,KHADIJA PRIMARY SCHOOL,001004001600105,650
004,NYALI,0016,FRERE TOWN,001,KHADIJA PRIMARY SCHOOL,001004001600106,650
004,NYALI,0016,FRERE TOWN,001,KHADIJA PRIMARY SCHOOL,001004001600107,650
004,NYALI,0016,FRERE TOWN,001,KHADIJA PRIMARY SCHOOL,001004001600108,649
004,NYALI,0016,FRERE TOWN,002,FADHIL-ADHYM PRIMARY SCHOOL,001004001600201,612
004,NYALI,0016,FRERE TOWN,002,FADHIL-ADHYM PRIMARY SCHOOL,001004001600202,612
004,NYALI,0016,FRERE TOWN,002,FADHIL-ADHYM PRIMARY SCHOOL,001004001600203,611
004,NYALI,0016,FRERE TOWN,003,MLALEO PRIMARY SCHOOL,001004001600301,566
004,NYALI,0016,FRERE TOWN,003,MLALEO PRIMARY SCHOOL,001004001600302,565
004,NYALI,0016,FRERE TOWN,003,MLALEO PRIMARY SCHOOL,001004001600303,565
004,NYALI,0016,FRERE TOWN,003,MLALEO PRIMARY SCHOOL,001004001600304,565
004,NYALI,0016,FRERE TOWN,003,MLALEO PRIMARY SCHOOL,001004001600305,565
004,NYALI,0016,FRERE TOWN,004,FRERE TOWN PRIMARY SCHOOL,001004001600401,699
004,NYALI,0016,FRERE TOWN,004,FRERE TOWN PRIMARY SCHOOL,001004001600402,698
004,NYALI,0016,FRERE TOWN,004,FRERE TOWN PRIMARY SCHOOL,001004001600403,698
004,NYALI,0016,FRERE TOWN,004,FRERE TOWN PRIMARY SCHOOL,001004001600404,698
004,NYALI,0016,FRERE TOWN,004,FRERE TOWN PRIMARY SCHOOL,001004001600405,698
004,NYALI,0016,FRERE TOWN,004,FRERE TOWN PRIMARY SCHOOL,001004001600406,698
004,NYALI,0016,FRERE TOWN,004,FRERE TOWN PRIMARY SCHOOL,001004001600407,698
004,NYALI,0016,FRERE TOWN,004,FRERE TOWN PRIMARY SCHOOL,001004001600408,698
004,NYALI,0016,FRERE TOWN,004,FRERE TOWN PRIMARY SCHOOL,001004001600409,698
004,NYALI,0016,FRERE TOWN,005,MWANDONI KADIRIA GROUNDS,001004001600501,535
004,NYALI,0016,FRERE TOWN,005,MWANDONI KADIRIA GROUNDS,001004001600502,535
004,NYALI,0016,FRERE TOWN,005,MWANDONI KADIRIA GROUNDS,001004001600503,534
004,NYALI,0016,FRERE TOWN,006,VICTORIA BAPTIST PRIMARY SCHOOL,001004001600601,587
004,NYALI,0016,FRERE TOWN,006,VICTORIA BAPTIST PRIMARY SCHOOL,001004001600602,586
004,NYALI,0016,FRERE TOWN,006,VICTORIA BAPTIST PRIMARY SCHOOL,001004001600603,586
004,NYALI,0016,FRERE TOWN,007,SARAJEVO GROUNDS,001004001600701,605
004,NYALI,0016,FRERE TOWN,007,SARAJEVO GROUNDS,001004001600702,604
004,NYALI,0016,FRERE TOWN,007,SARAJEVO GROUNDS,001004001600703,604
004,NYALI,0016,FRERE TOWN,007,SARAJEVO GROUNDS,001004001600704,604
004,NYALI,0016,FRERE TOWN,007,SARAJEVO GROUNDS,001004001600705,604
004,NYALI,0016,FRERE TOWN,031,FRERETOWN SECONDARY SCHOOL,001004001603101,673
004,NYALI,0016,FRERE TOWN,031,FRERETOWN SECONDARY SCHOOL,001004001603102,672
004,NYALI,0016,FRERE TOWN,032,KHADIJA SECONDARY SCHOOL,001004001603201,489
004,NYALI,0016,FRERE TOWN,032,KHADIJA SECONDARY SCHOOL,001004001603202,488
004,NYALI,0017,ZIWA LA NG'OMBE,008,NATIONAL INDUSTRIAL TRAINING AUTHORITY- MOMBASA,001004001700801,651
004,NYALI,0017,ZIWA LA NG'OMBE,008,NATIONAL INDUSTRIAL TRAINING AUTHORITY- MOMBASA,001004001700802,650
004,NYALI,0017,ZIWA LA NG'OMBE,008,NATIONAL INDUSTRIAL TRAINING AUTHORITY- MOMBASA,001004001700803,650
004,NYALI,0017,ZIWA LA NG'OMBE,008,NATIONAL INDUSTRIAL TRAINING AUTHORITY- MOMBASA,001004001700804,650
004,NYALI,0017,ZIWA LA NG'OMBE,008,NATIONAL INDUSTRIAL TRAINING AUTHORITY- MOMBASA,001004001700805,650
004,NYALI,0017,ZIWA LA NG'OMBE,008,NATIONAL INDUSTRIAL TRAINING AUTHORITY- MOMBASA,001004001700806,650
004,NYALI,0017,ZIWA LA NG'OMBE,009,ZIWA LA NG'OMBE PRIMARY SCHOOL,001004001700901,680
004,NYALI,0017,ZIWA LA NG'OMBE,009,ZIWA LA NG'OMBE PRIMARY SCHOOL,001004001700902,680
004,NYALI,0017,ZIWA LA NG'OMBE,009,ZIWA LA NG'OMBE PRIMARY SCHOOL,001004001700903,680
004,NYALI,0017,ZIWA LA NG'OMBE,009,ZIWA LA NG'OMBE PRIMARY SCHOOL,001004001700904,680
004,NYALI,0017,ZIWA LA NG'OMBE,009,ZIWA LA NG'OMBE PRIMARY SCHOOL,001004001700905,680
004,NYALI,0017,ZIWA LA NG'OMBE,009,ZIWA LA NG'OMBE PRIMARY SCHOOL,001004001700906,680
004,NYALI,0017,ZIWA LA NG'OMBE,009,ZIWA LA NG'OMBE PRIMARY SCHOOL,001004001700907,680
004,NYALI,0017,ZIWA LA NG'OMBE,009,ZIWA LA NG'OMBE PRIMARY SCHOOL,001004001700908,680
004,NYALI,0017,ZIWA LA NG'OMBE,009,ZIWA LA NG'OMBE PRIMARY SCHOOL,001004001700909,680
004,NYALI,0017,ZIWA LA NG'OMBE,009,ZIWA LA NG'OMBE PRIMARY SCHOOL,001004001700910,680
004,NYALI,0017,ZIWA LA NG'OMBE,009,ZIWA LA NG'OMBE PRIMARY SCHOOL,001004001700911,679
004,NYALI,0017,ZIWA LA NG'OMBE,009,ZIWA LA NG'OMBE PRIMARY SCHOOL,001004001700912,679
004,NYALI,0017,ZIWA LA NG'OMBE,009,ZIWA LA NG'OMBE PRIMARY SCHOOL,001004001700913,679
004,NYALI,0017,ZIWA LA NG'OMBE,009,ZIWA LA NG'OMBE PRIMARY SCHOOL,001004001700914,679
004,NYALI,0017,ZIWA LA NG'OMBE,010,OLIVE REHABILITATION CENTRE - MKUNGUNI,001004001701001,669
004,NYALI,0017,ZIWA LA NG'OMBE,010,OLIVE REHABILITATION CENTRE - MKUNGUNI,001004001701002,669
004,NYALI,0017,ZIWA LA NG'OMBE,010,OLIVE REHABILITATION CENTRE - MKUNGUNI,001004001701003,669
004,NYALI,0017,ZIWA LA NG'OMBE,010,OLIVE REHABILITATION CENTRE - MKUNGUNI,001004001701004,669
004,NYALI,0017,ZIWA LA NG'OMBE,011,TUMAINI ACADEMY/CHURCH OF CHRIST,001004001701101,638
004,NYALI,0017,ZIWA LA NG'OMBE,011,TUMAINI ACADEMY/CHURCH OF CHRIST,001004001701102,638
004,NYALI,0017,ZIWA LA NG'OMBE,011,TUMAINI ACADEMY/CHURCH OF CHRIST,001004001701103,638
004,NYALI,0017,ZIWA LA NG'OMBE,011,TUMAINI ACADEMY/CHURCH OF CHRIST,001004001701104,638
004,NYALI,0017,ZIWA LA NG'OMBE,011,TUMAINI ACADEMY/CHURCH OF CHRIST,001004001701105,638
004,NYALI,0017,ZIWA LA NG'OMBE,011,TUMAINI ACADEMY/CHURCH OF CHRIST,001004001701106,638
004,NYALI,0017,ZIWA LA NG'OMBE,011,TUMAINI ACADEMY/CHURCH OF CHRIST,001004001701107,637
004,NYALI,0017,ZIWA LA NG'OMBE,011,TUMAINI ACADEMY/CHURCH OF CHRIST,001004001701108,637
004,NYALI,0017,ZIWA LA NG'OMBE,033,KICODEP HALL,001004001703301,543
004,NYALI,0017,ZIWA LA NG'OMBE,033,KICODEP HALL,001004001703302,543
004,NYALI,0017,ZIWA LA NG'OMBE,033,KICODEP HALL,001004001703303,543
004,NYALI,0017,ZIWA LA NG'OMBE,038,AZHAR PRIMARY SCHOOL,001004001703801,472
004,NYALI,0018,MKOMANI,012,MAWENI PRIMARY SCHOOL,001004001801201,668
004,NYALI,0018,MKOMANI,012,MAWENI PRIMARY SCHOOL,001004001801202,668
004,NYALI,0018,MKOMANI,012,MAWENI PRIMARY SCHOOL,001004001801203,668
004,NYALI,0018,MKOMANI,012,MAWENI PRIMARY SCHOOL,001004001801204,668
004,NYALI,0018,MKOMANI,012,MAWENI PRIMARY SCHOOL,001004001801205,668
004,NYALI,0018,MKOMANI,012,MAWENI PRIMARY SCHOOL,001004001801206,667
004,NYALI,0018,MKOMANI,012,MAWENI PRIMARY SCHOOL,001004001801207,667
004,NYALI,0018,MKOMANI,012,MAWENI PRIMARY SCHOOL,001004001801208,667
004,NYALI,0018,MKOMANI,012,MAWENI PRIMARY SCHOOL,001004001801209,667
004,NYALI,0018,MKOMANI,012,MAWENI PRIMARY SCHOOL,001004001801210,667
004,NYALI,0018,MKOMANI,015,ASK GROUND - GATE 'A',001004001801501,636
004,NYALI,0018,MKOMANI,015,ASK GROUND - GATE 'A',001004001801502,636
004,NYALI,0018,MKOMANI,015,ASK GROUND - GATE 'A',001004001801503,636
004,NYALI,0018,MKOMANI,015,ASK GROUND - GATE 'A',001004001801504,636
004,NYALI,0018,MKOMANI,015,ASK GROUND - GATE 'A',001004001801505,636
004,NYALI,0018,MKOMANI,015,ASK GROUND - GATE 'A',001004001801506,636
004,NYALI,0018,MKOMANI,015,ASK GROUND - GATE 'A',001004001801507,636
004,NYALI,0018,MKOMANI,015,ASK GROUND - GATE 'A',001004001801508,636
004,NYALI,0018,MKOMANI,016,MKOMANI GROUNDS,001004001801601,687
004,NYALI,0018,MKOMANI,016,MKOMANI GROUNDS,001004001801602,687
004,NYALI,0018,MKOMANI,016,MKOMANI GROUNDS,001004001801603,687
004,NYALI,0018,MKOMANI,016,MKOMANI GROUNDS,001004001801604,687
004,NYALI,0018,MKOMANI,034,PENTROSE COMMUNITY PRIMARY SCHOOL,001004001803401,642
004,NYALI,0018,MKOMANI,034,PENTROSE COMMUNITY PRIMARY SCHOOL,001004001803402,642
004,NYALI,0018,MKOMANI,034,PENTROSE COMMUNITY PRIMARY SCHOOL,001004001803403,642
004,NYALI,0018,MKOMANI,034,PENTROSE COMMUNITY PRIMARY SCHOOL,001004001803404,642
004,NYALI,0018,MKOMANI,034,PENTROSE COMMUNITY PRIMARY SCHOOL,001004001803405,641
004,NYALI,0018,MKOMANI,034,PENTROSE COMMUNITY PRIMARY SCHOOL,001004001803406,641
004,NYALI,0018,MKOMANI,034,PENTROSE COMMUNITY PRIMARY SCHOOL,001004001803407,641
004,NYALI,0018,MKOMANI,034,PENTROSE COMMUNITY PRIMARY SCHOOL,001004001803408,641
004,NYALI,0018,MKOMANI,034,PENTROSE COMMUNITY PRIMARY SCHOOL,001004001803409,641
004,NYALI,0018,MKOMANI,034,PENTROSE COMMUNITY PRIMARY SCHOOL,001004001803410,641
004,NYALI,0018,MKOMANI,034,PENTROSE COMMUNITY PRIMARY SCHOOL,001004001803411,641
004,NYALI,0018,MKOMANI,035,MAWENI MIXED SECONDARY SCHOOL,001004001803501,647
004,NYALI,0018,MKOMANI,035,MAWENI MIXED SECONDARY SCHOOL,001004001803502,647
004,NYALI,0018,MKOMANI,035,MAWENI MIXED SECONDARY SCHOOL,001004001803503,647
004,NYALI,0018,MKOMANI,035,MAWENI MIXED SECONDARY SCHOOL,001004001803504,647
004,NYALI,0019,KONGOWEA,017,KONGOWEA PRIMARY SCHOOL,001004001901701,668
004,NYALI,0019,KONGOWEA,017,KONGOWEA PRIMARY SCHOOL,001004001901702,668
004,NYALI,0019,KONGOWEA,017,KONGOWEA PRIMARY SCHOOL,001004001901703,668
004,NYALI,0019,KONGOWEA,017,KONGOWEA PRIMARY SCHOOL,001004001901704,667
004,NYALI,0019,KONGOWEA,017,KONGOWEA PRIMARY SCHOOL,001004001901705,667
004,NYALI,0019,KONGOWEA,017,KONGOWEA PRIMARY SCHOOL,001004001901706,667
004,NYALI,0019,KONGOWEA,017,KONGOWEA PRIMARY SCHOOL,001004001901707,667
004,NYALI,0019,KONGOWEA,017,KONGOWEA PRIMARY SCHOOL,001004001901708,667
004,NYALI,0019,KONGOWEA,017,KONGOWEA PRIMARY SCHOOL,001004001901709,667
004,NYALI,0019,KONGOWEA,017,KONGOWEA PRIMARY SCHOOL,001004001901710,667
004,NYALI,0019,KONGOWEA,017,KONGOWEA PRIMARY SCHOOL,001004001901711,667
004,NYALI,0019,KONGOWEA,017,KONGOWEA PRIMARY SCHOOL,001004001901712,667
004,NYALI,0019,KONGOWEA,018,KWA KARAMA GROUNDS,001004001901801,672
004,NYALI,0019,KONGOWEA,018,KWA KARAMA GROUNDS,001004001901802,672
004,NYALI,0019,KONGOWEA,018,KWA KARAMA GROUNDS,001004001901803,672
004,NYALI,0019,KONGOWEA,018,KWA KARAMA GROUNDS,001004001901804,672
004,NYALI,0019,KONGOWEA,018,KWA KARAMA GROUNDS,001004001901805,672
004,NYALI,0019,KONGOWEA,018,KWA KARAMA GROUNDS,001004001901806,671
004,NYALI,0019,KONGOWEA,018,KWA KARAMA GROUNDS,001004001901807,671
004,NYALI,0019,KONGOWEA,018,KWA KARAMA GROUNDS,001004001901808,671
004,NYALI,0019,KONGOWEA,018,KWA KARAMA GROUNDS,001004001901809,671
004,NYALI,0019,KONGOWEA,018,KWA KARAMA GROUNDS,001004001901810,671
004,NYALI,0019,KONGOWEA,018,KWA KARAMA GROUNDS,001004001901811,671
004,NYALI,0019,KONGOWEA,019,KENGELENI PRIMARY SCHOOL,001004001901901,693
004,NYALI,0019,KONGOWEA,019,KENGELENI PRIMARY SCHOOL,001004001901902,693
004,NYALI,0019,KONGOWEA,019,KENGELENI PRIMARY SCHOOL,001004001901903,693
004,NYALI,0019,KONGOWEA,019,KENGELENI PRIMARY SCHOOL,001004001901904,693
004,NYALI,0019,KONGOWEA,019,KENGELENI PRIMARY SCHOOL,001004001901905,693
004,NYALI,0019,KONGOWEA,020,MUNICIPAL SOCIAL HALL - KONGOWEA,001004001902001,656
004,NYALI,0019,KONGOWEA,020,MUNICIPAL SOCIAL HALL - KONGOWEA,001004001902002,656
004,NYALI,0019,KONGOWEA,020,MUNICIPAL SOCIAL HALL - KONGOWEA,001004001902003,655
004,NYALI,0019,KONGOWEA,020,MUNICIPAL SOCIAL HALL - KONGOWEA,001004001902004,655
004,NYALI,0019,KONGOWEA,020,MUNICIPAL SOCIAL HALL - KONGOWEA,001004001902005,655
004,NYALI,0019,KONGOWEA,020,MUNICIPAL SOCIAL HALL - KONGOWEA,001004001902006,655
004,NYALI,0019,KONGOWEA,021,METHODIST CHURCH - KONGOWEA,001004001902101,628
004,NYALI,0019,KONGOWEA,021,METHODIST CHURCH - KONGOWEA,001004001902102,628
004,NYALI,0019,KONGOWEA,021,METHODIST CHURCH - KONGOWEA,001004001902103,627
004,NYALI,0019,KONGOWEA,021,METHODIST CHURCH - KONGOWEA,001004001902104,627
004,NYALI,0019,KONGOWEA,021,METHODIST CHURCH - KONGOWEA,001004001902105,627
004,NYALI,0019,KONGOWEA,021,METHODIST CHURCH - KONGOWEA,001004001902106,627
004,NYALI,0019,KONGOWEA,021,METHODIST CHURCH - KONGOWEA,001004001902107,627
004,NYALI,0019,KONGOWEA,021,METHODIST CHURCH - KONGOWEA,001004001902108,627
004,NYALI,0019,KONGOWEA,039,KONGOWEA SECONDARY SCHOOL,001004001903901,519
004,NYALI,0019,KONGOWEA,039,KONGOWEA SECONDARY SCHOOL,001004001903902,519
004,NYALI,0020,KADZANDANI,023,BOMBOLULU CULTURAL CENTRE WORKSHOP HALL,001004002002301,688
004,NYALI,0020,KADZANDANI,023,BOMBOLULU CULTURAL CENTRE WORKSHOP HALL,001004002002302,688
004,NYALI,0020,KADZANDANI,023,BOMBOLULU CULTURAL CENTRE WORKSHOP HALL,001004002002303,687
004,NYALI,0020,KADZANDANI,024,BAHAWANI PRIMARY SCHOOL,001004002002401,539
004,NYALI,0020,KADZANDANI,024,BAHAWANI PRIMARY SCHOOL,001004002002402,539
004,NYALI,0020,KADZANDANI,024,BAHAWANI PRIMARY SCHOOL,001004002002403,538
004,NYALI,0020,KADZANDANI,024,BAHAWANI PRIMARY SCHOOL,001004002002404,538
004,NYALI,0020,KADZANDANI,025,BASHIR PRIMARY SCHOOL,001004002002501,659
004,NYALI,0020,KADZANDANI,025,BASHIR PRIMARY SCHOOL,001004002002502,658
004,NYALI,0020,KADZANDANI,025,BASHIR PRIMARY SCHOOL,001004002002503,658
004,NYALI,0020,KADZANDANI,025,BASHIR PRIMARY SCHOOL,001004002002504,658
004,NYALI,0020,KADZANDANI,026,KADZANDANI PRIMARY SCHOOL,001004002002601,620
004,NYALI,0020,KADZANDANI,026,KADZANDANI PRIMARY SCHOOL,001004002002602,619
004,NYALI,0020,KADZANDANI,026,KADZANDANI PRIMARY SCHOOL,001004002002603,619
004,NYALI,0020,KADZANDANI,026,KADZANDANI PRIMARY SCHOOL,001004002002604,619
004,NYALI,0020,KADZANDANI,026,KADZANDANI PRIMARY SCHOOL,001004002002605,619
004,NYALI,0020,KADZANDANI,026,KADZANDANI PRIMARY SCHOOL,001004002002606,619
004,NYALI,0020,KADZANDANI,027,MARIANIST POLYTECHNIC,001004002002701,557
004,NYALI,0020,KADZANDANI,027,MARIANIST POLYTECHNIC,001004002002702,557
004,NYALI,0020,KADZANDANI,027,MARIANIST POLYTECHNIC,001004002002703,556
004,NYALI,0020,KADZANDANI,028,SOWETO GROUNDS,001004002002801,562
004,NYALI,0020,KADZANDANI,028,SOWETO GROUNDS,001004002002802,562
004,NYALI,0020,KADZANDANI,028,SOWETO GROUNDS,001004002002803,562
004,NYALI,0020,KADZANDANI,028,SOWETO GROUNDS,001004002002804,562
004,NYALI,0020,KADZANDANI,028,SOWETO GROUNDS,001004002002805,562
004,NYALI,0020,KADZANDANI,029,MWATAMBA GROUNDS,001004002002901,627
004,NYALI,0020,KADZANDANI,029,MWATAMBA GROUNDS,001004002002902,627
004,NYALI,0020,KADZANDANI,029,MWATAMBA GROUNDS,001004002002903,627
004,NYALI,0020,KADZANDANI,029,MWATAMBA GROUNDS,001004002002904,626
004,NYALI,0020,KADZANDANI,029,MWATAMBA GROUNDS,001004002002905,626
004,NYALI,0020,KADZANDANI,029,MWATAMBA GROUNDS,001004002002906,626
004,NYALI,0020,KADZANDANI,036,KWA BULLO PRIMARY/SECONDARY SCHOOL,001004002003601,616
004,NYALI,0020,KADZANDANI,036,KWA BULLO PRIMARY/SECONDARY SCHOOL,001004002003602,616
004,NYALI,0020,KADZANDANI,036,KWA BULLO PRIMARY/SECONDARY SCHOOL,001004002003603,616
004,NYALI,0020,KADZANDANI,036,KWA BULLO PRIMARY/SECONDARY SCHOOL,001004002003604,616
004,NYALI,0020,KADZANDANI,036,KWA BULLO PRIMARY/SECONDARY SCHOOL,001004002003605,615
004,NYALI,0020,KADZANDANI,036,KWA BULLO PRIMARY/SECONDARY SCHOOL,001004002003606,615
004,NYALI,0020,KADZANDANI,037,TEMAN JUNIOR ACADEMY,001004002003701,610
005,LIKONI,0021,MTONGWE,001,MTONGWE PRIMARY SCHOOL,001005002100101,590
005,LIKONI,0021,MTONGWE,001,MTONGWE PRIMARY SCHOOL,001005002100102,589
005,LIKONI,0021,MTONGWE,001,MTONGWE PRIMARY SCHOOL,001005002100103,589
005,LIKONI,0021,MTONGWE,002,LONGO PRIMARY SCHOOL,001005002100201,554
005,LIKONI,0021,MTONGWE,002,LONGO PRIMARY SCHOOL,001005002100202,554
005,LIKONI,0021,MTONGWE,002,LONGO PRIMARY SCHOOL,001005002100203,553
005,LIKONI,0021,MTONGWE,003,MTONGWE SOCIAL HALL,001005002100301,625
005,LIKONI,0021,MTONGWE,003,MTONGWE SOCIAL HALL,001005002100302,625
005,LIKONI,0021,MTONGWE,003,MTONGWE SOCIAL HALL,001005002100303,625
005,LIKONI,0021,MTONGWE,003,MTONGWE SOCIAL HALL,001005002100304,625
005,LIKONI,0021,MTONGWE,003,MTONGWE SOCIAL HALL,001005002100305,625
005,LIKONI,0021,MTONGWE,003,MTONGWE SOCIAL HALL,001005002100306,624
005,LIKONI,0021,MTONGWE,004,VIJIWENI PRIMARY SCHOOL,001005002100401,645
005,LIKONI,0021,MTONGWE,004,VIJIWENI PRIMARY SCHOOL,001005002100402,645
005,LIKONI,0021,MTONGWE,004,VIJIWENI PRIMARY SCHOOL,001005002100403,644
005,LIKONI,0021,MTONGWE,005,MWANGALA PRIMARY SCHOOL,001005002100501,373
005,LIKONI,0021,MTONGWE,006,MWEZA PRIMARY SCHOOL,001005002100601,569
005,LIKONI,0021,MTONGWE,006,MWEZA PRIMARY SCHOOL,001005002100602,569
005,LIKONI,0021,MTONGWE,007,MKWAJUNI MARKET,001005002100701,634
005,LIKONI,0021,MTONGWE,008,ST. JOSEPH NURSERY SCHOOL,001005002100801,609
005,LIKONI,0021,MTONGWE,008,ST. JOSEPH NURSERY SCHOOL,001005002100802,609
005,LIKONI,0021,MTONGWE,008,ST. JOSEPH NURSERY SCHOOL,001005002100803,609
005,LIKONI,0021,MTONGWE,008,ST. JOSEPH NURSERY SCHOOL,001005002100804,609
005,LIKONI,0021,MTONGWE,027,MTONGWE VOCATIONAL TRAINING CENTER,001005002102701,244
005,LIKONI,0022,SHIKA ADABU,009,SHIKA ADABU PRIMARY SCHOOL,001005002200901,645
005,LIKONI,0022,SHIKA ADABU,009,SHIKA ADABU PRIMARY SCHOOL,001005002200902,645
005,LIKONI,0022,SHIKA ADABU,009,SHIKA ADABU PRIMARY SCHOOL,001005002200903,645
005,LIKONI,0022,SHIKA ADABU,009,SHIKA ADABU PRIMARY SCHOOL,001005002200904,645
005,LIKONI,0022,SHIKA ADABU,009,SHIKA ADABU PRIMARY SCHOOL,001005002200905,645
005,LIKONI,0022,SHIKA ADABU,009,SHIKA ADABU PRIMARY SCHOOL,001005002200906,645
005,LIKONI,0022,SHIKA ADABU,009,SHIKA ADABU PRIMARY SCHOOL,001005002200907,645
005,LIKONI,0022,SHIKA ADABU,010,CONSOLATA PRIMARY SCHOOL,001005002201001,694
005,LIKONI,0022,SHIKA ADABU,010,CONSOLATA PRIMARY SCHOOL,001005002201002,693
005,LIKONI,0022,SHIKA ADABU,010,CONSOLATA PRIMARY SCHOOL,001005002201003,693
005,LIKONI,0022,SHIKA ADABU,010,CONSOLATA PRIMARY SCHOOL,001005002201004,693
005,LIKONI,0022,SHIKA ADABU,010,CONSOLATA PRIMARY SCHOOL,001005002201005,693
005,LIKONI,0022,SHIKA ADABU,011,VYEMANI PRIMARY SCHOOL,001005002201101,613
005,LIKONI,0022,SHIKA ADABU,011,VYEMANI PRIMARY SCHOOL,001005002201102,613
005,LIKONI,0022,SHIKA ADABU,011,VYEMANI PRIMARY SCHOOL,001005002201103,612
005,LIKONI,0022,SHIKA ADABU,012,VIJIWENI GROUNDS,001005002201201,624
005,LIKONI,0022,SHIKA ADABU,012,VIJIWENI GROUNDS,001005002201202,623
005,LIKONI,0022,SHIKA ADABU,013,UJAMAA GROUNDS,001005002201301,611
005,LIKONI,0022,SHIKA ADABU,013,UJAMAA GROUNDS,001005002201302,611
005,LIKONI,0022,SHIKA ADABU,013,UJAMAA GROUNDS,001005002201303,611
005,LIKONI,0022,SHIKA ADABU,013,UJAMAA GROUNDS,001005002201304,611
005,LIKONI,0022,SHIKA ADABU,013,UJAMAA GROUNDS,001005002201305,611
005,LIKONI,0022,SHIKA ADABU,013,UJAMAA GROUNDS,001005002201306,611
005,LIKONI,0022,SHIKA ADABU,028,MISHI MBOKO GIRLS SECONDARY SCHOOL,001005002202801,34
005,LIKONI,0022,SHIKA ADABU,029,INSPIRATIONS PRIMARY SCHOOL,001005002202901,344
005,LIKONI,0022,SHIKA ADABU,032,SHIKA ADABU SECONDARY SCHOOL,001005002203201,327
005,LIKONI,0023,BOFU,014,DARU ULUM MADRASA,001005002301401,651
005,LIKONI,0023,BOFU,014,DARU ULUM MADRASA,001005002301402,651
005,LIKONI,0023,BOFU,014,DARU ULUM MADRASA,001005002301403,651
005,LIKONI,0023,BOFU,014,DARU ULUM MADRASA,001005002301404,651
005,LIKONI,0023,BOFU,014,DARU ULUM MADRASA,001005002301405,651
005,LIKONI,0023,BOFU,014,DARU ULUM MADRASA,001005002301406,651
005,LIKONI,0023,BOFU,014,DARU ULUM MADRASA,001005002301407,650
005,LIKONI,0023,BOFU,014,DARU ULUM MADRASA,001005002301408,650
005,LIKONI,0023,BOFU,014,DARU ULUM MADRASA,001005002301409,650
005,LIKONI,0023,BOFU,014,DARU ULUM MADRASA,001005002301410,650
005,LIKONI,0023,BOFU,015,JAMVI LA WAGENI PRIMARY SCHOOL,001005002301501,622
005,LIKONI,0023,BOFU,015,JAMVI LA WAGENI PRIMARY SCHOOL,001005002301502,622
005,LIKONI,0023,BOFU,015,JAMVI LA WAGENI PRIMARY SCHOOL,001005002301503,622
005,LIKONI,0023,BOFU,015,JAMVI LA WAGENI PRIMARY SCHOOL,001005002301504,622
005,LIKONI,0023,BOFU,015,JAMVI LA WAGENI PRIMARY SCHOOL,001005002301505,621
005,LIKONI,0023,BOFU,016,PELELEZA PRIMARY SCHOOL,001005002301601,618
005,LIKONI,0023,BOFU,016,PELELEZA PRIMARY SCHOOL,001005002301602,617
005,LIKONI,0023,BOFU,016,PELELEZA PRIMARY SCHOOL,001005002301603,617
005,LIKONI,0023,BOFU,017,LIKONI MUSLIM PRIMARY SCHOOL,001005002301701,637
005,LIKONI,0023,BOFU,017,LIKONI MUSLIM PRIMARY SCHOOL,001005002301702,637
005,LIKONI,0023,BOFU,017,LIKONI MUSLIM PRIMARY SCHOOL,001005002301703,637
005,LIKONI,0023,BOFU,017,LIKONI MUSLIM PRIMARY SCHOOL,001005002301704,636
005,LIKONI,0023,BOFU,017,LIKONI MUSLIM PRIMARY SCHOOL,001005002301705,636
005,LIKONI,0023,BOFU,017,LIKONI MUSLIM PRIMARY SCHOOL,001005002301706,636
005,LIKONI,0023,BOFU,017,LIKONI MUSLIM PRIMARY SCHOOL,001005002301707,636
005,LIKONI,0023,BOFU,017,LIKONI MUSLIM PRIMARY SCHOOL,001005002301708,636
005,LIKONI,0023,BOFU,017,LIKONI MUSLIM PRIMARY SCHOOL,001005002301709,636
005,LIKONI,0023,BOFU,017,LIKONI MUSLIM PRIMARY SCHOOL,001005002301710,636
005,LIKONI,0023,BOFU,030,BOMANI FOOTBALL GROUND,001005002303001,358
005,LIKONI,0024,LIKONI,018,LIKONI PRIMARY SCHOOL,001005002401801,683
005,LIKONI,0024,LIKONI,018,LIKONI PRIMARY SCHOOL,001005002401802,683
005,LIKONI,0024,LIKONI,018,LIKONI PRIMARY SCHOOL,001005002401803,683
005,LIKONI,0024,LIKONI,018,LIKONI PRIMARY SCHOOL,001005002401804,683
005,LIKONI,0024,LIKONI,018,LIKONI PRIMARY SCHOOL,001005002401805,683
005,LIKONI,0024,LIKONI,018,LIKONI PRIMARY SCHOOL,001005002401806,683
005,LIKONI,0024,LIKONI,018,LIKONI PRIMARY SCHOOL,001005002401807,683
005,LIKONI,0024,LIKONI,018,LIKONI PRIMARY SCHOOL,001005002401808,683
005,LIKONI,0024,LIKONI,018,LIKONI PRIMARY SCHOOL,001005002401809,683
005,LIKONI,0024,LIKONI,018,LIKONI PRIMARY SCHOOL,001005002401810,683
005,LIKONI,0024,LIKONI,018,LIKONI PRIMARY SCHOOL,001005002401811,683
005,LIKONI,0024,LIKONI,018,LIKONI PRIMARY SCHOOL,001005002401812,682
005,LIKONI,0024,LIKONI,018,LIKONI PRIMARY SCHOOL,001005002401813,682
005,LIKONI,0024,LIKONI,019,JESUS CELEBRATION CENTER (SOWETO),001005002401901,584
005,LIKONI,0024,LIKONI,019,JESUS CELEBRATION CENTER (SOWETO),001005002401902,584
005,LIKONI,0024,LIKONI,019,JESUS CELEBRATION CENTER (SOWETO),001005002401903,584
005,LIKONI,0024,LIKONI,019,JESUS CELEBRATION CENTER (SOWETO),001005002401904,584
005,LIKONI,0024,LIKONI,019,JESUS CELEBRATION CENTER (SOWETO),001005002401905,583
005,LIKONI,0024,LIKONI,019,JESUS CELEBRATION CENTER (SOWETO),001005002401906,583
005,LIKONI,0024,LIKONI,033,LIKONI SECONDARY SCHOOL,001005002403301,447
005,LIKONI,0024,LIKONI,033,LIKONI SECONDARY SCHOOL,001005002403302,447
005,LIKONI,0025,TIMBWANI,020,LIKONI FLATS SOCIAL HALL,001005002502001,683
005,LIKONI,0025,TIMBWANI,020,LIKONI FLATS SOCIAL HALL,001005002502002,683
005,LIKONI,0025,TIMBWANI,020,LIKONI FLATS SOCIAL HALL,001005002502003,682
005,LIKONI,0025,TIMBWANI,021,CONSOLATA NURSERY SCHOOL,001005002502101,654
005,LIKONI,0025,TIMBWANI,021,CONSOLATA NURSERY SCHOOL,001005002502102,654
005,LIKONI,0025,TIMBWANI,021,CONSOLATA NURSERY SCHOOL,001005002502103,654
005,LIKONI,0025,TIMBWANI,021,CONSOLATA NURSERY SCHOOL,001005002502104,653
005,LIKONI,0025,TIMBWANI,021,CONSOLATA NURSERY SCHOOL,001005002502105,653
005,LIKONI,0025,TIMBWANI,021,CONSOLATA NURSERY SCHOOL,001005002502106,653
005,LIKONI,0025,TIMBWANI,021,CONSOLATA NURSERY SCHOOL,001005002502107,653
005,LIKONI,0025,TIMBWANI,022,TIMBWANI PRIMARY SCHOOL,001005002502201,585
005,LIKONI,0025,TIMBWANI,022,TIMBWANI PRIMARY SCHOOL,001005002502202,584
005,LIKONI,0025,TIMBWANI,023,MRIMA PRIMARY SCHOOL,001005002502301,666
005,LIKONI,0025,TIMBWANI,023,MRIMA PRIMARY SCHOOL,001005002502302,666
005,LIKONI,0025,TIMBWANI,023,MRIMA PRIMARY SCHOOL,001005002502303,666
005,LIKONI,0025,TIMBWANI,023,MRIMA PRIMARY SCHOOL,001005002502304,666
005,LIKONI,0025,TIMBWANI,023,MRIMA PRIMARY SCHOOL,001005002502305,666
005,LIKONI,0025,TIMBWANI,023,MRIMA PRIMARY SCHOOL,001005002502306,665
005,LIKONI,0025,TIMBWANI,023,MRIMA PRIMARY SCHOOL,001005002502307,665
005,LIKONI,0025,TIMBWANI,023,MRIMA PRIMARY SCHOOL,001005002502308,665
005,LIKONI,0025,TIMBWANI,023,MRIMA PRIMARY SCHOOL,001005002502309,665
005,LIKONI,0025,TIMBWANI,023,MRIMA PRIMARY SCHOOL,001005002502310,665
005,LIKONI,0025,TIMBWANI,023,MRIMA PRIMARY SCHOOL,001005002502311,665
005,LIKONI,0025,TIMBWANI,023,MRIMA PRIMARY SCHOOL,001005002502312,665
005,LIKONI,0025,TIMBWANI,024,USHINDI BAPTIST PRIMARY SCHOOL,001005002502401,661
005,LIKONI,0025,TIMBWANI,024,USHINDI BAPTIST PRIMARY SCHOOL,001005002502402,661
005,LIKONI,0025,TIMBWANI,024,USHINDI BAPTIST PRIMARY SCHOOL,001005002502403,661
005,LIKONI,0025,TIMBWANI,024,USHINDI BAPTIST PRIMARY SCHOOL,001005002502404,661
005,LIKONI,0025,TIMBWANI,024,USHINDI BAPTIST PRIMARY SCHOOL,001005002502405,661
005,LIKONI,0025,TIMBWANI,024,USHINDI BAPTIST PRIMARY SCHOOL,001005002502406,661
005,LIKONI,0025,TIMBWANI,024,USHINDI BAPTIST PRIMARY SCHOOL,001005002502407,661
005,LIKONI,0025,TIMBWANI,024,USHINDI BAPTIST PRIMARY SCHOOL,001005002502408,661
005,LIKONI,0025,TIMBWANI,024,USHINDI BAPTIST PRIMARY SCHOOL,001005002502409,661
005,LIKONI,0025,TIMBWANI,024,USHINDI BAPTIST PRIMARY SCHOOL,001005002502410,661
005,LIKONI,0025,TIMBWANI,024,USHINDI BAPTIST PRIMARY SCHOOL,001005002502411,661
005,LIKONI,0025,TIMBWANI,024,USHINDI BAPTIST PRIMARY SCHOOL,001005002502412,661
005,LIKONI,0025,TIMBWANI,024,USHINDI BAPTIST PRIMARY SCHOOL,001005002502413,660
005,LIKONI,0025,TIMBWANI,025,MAJI SAFI PRIMARY SCHOOL,001005002502501,630
005,LIKONI,0025,TIMBWANI,025,MAJI SAFI PRIMARY SCHOOL,001005002502502,630
005,LIKONI,0025,TIMBWANI,025,MAJI SAFI PRIMARY SCHOOL,001005002502503,630
005,LIKONI,0025,TIMBWANI,026,LICODEP,001005002502601,684
005,LIKONI,0025,TIMBWANI,026,LICODEP,001005002502602,684
005,LIKONI,0025,TIMBWANI,026,LICODEP,001005002502603,684
005,LIKONI,0025,TIMBWANI,026,LICODEP,001005002502604,684
005,LIKONI,0025,TIMBWANI,026,LICODEP,001005002502605,683
005,LIKONI,0025,TIMBWANI,026,LICODEP,001005002502606,683
005,LIKONI,0025,TIMBWANI,026,LICODEP,001005002502607,683
005,LIKONI,0025,TIMBWANI,026,LICODEP,001005002502608,683
005,LIKONI,0025,TIMBWANI,026,LICODEP,001005002502609,683
005,LIKONI,0025,TIMBWANI,026,LICODEP,001005002502610,683
005,LIKONI,0025,TIMBWANI,031,TIMBWANI SECONDARY SCHOOL,001005002503101,614
005,LIKONI,0025,TIMBWANI,034,CALTEX GROUNDS,001005002503401,182
005,LIKONI,0025,TIMBWANI,035,TIMBWANI BABTIST PRIMARY SCHOOL,001005002503501,41
006,MVITA,0026,MJI WA KALE/MAKADARA,001,KADERBHOY OLD TOWN DISPENSARY,001006002600101,619
006,MVITA,0026,MJI WA KALE/MAKADARA,001,KADERBHOY OLD TOWN DISPENSARY,001006002600102,619
006,MVITA,0026,MJI WA KALE/MAKADARA,001,KADERBHOY OLD TOWN DISPENSARY,001006002600103,618
006,MVITA,0026,MJI WA KALE/MAKADARA,001,KADERBHOY OLD TOWN DISPENSARY,001006002600104,618
006,MVITA,0026,MJI WA KALE/MAKADARA,002,FORT JESUS MUSEUM,001006002600201,595
006,MVITA,0026,MJI WA KALE/MAKADARA,002,FORT JESUS MUSEUM,001006002600202,594
006,MVITA,0026,MJI WA KALE/MAKADARA,002,FORT JESUS MUSEUM,001006002600203,594
006,MVITA,0026,MJI WA KALE/MAKADARA,002,FORT JESUS MUSEUM,001006002600204,594
006,MVITA,0026,MJI WA KALE/MAKADARA,003,COAST GIRLS SECONDARY SCHOOL,001006002600301,532
006,MVITA,0026,MJI WA KALE/MAKADARA,003,COAST GIRLS SECONDARY SCHOOL,001006002600302,532
006,MVITA,0026,MJI WA KALE/MAKADARA,003,COAST GIRLS SECONDARY SCHOOL,001006002600303,532
006,MVITA,0026,MJI WA KALE/MAKADARA,004,STAR OF THE SEA PRIMARY SCHOOL,001006002600401,564
006,MVITA,0026,MJI WA KALE/MAKADARA,004,STAR OF THE SEA PRIMARY SCHOOL,001006002600402,564
006,MVITA,0026,MJI WA KALE/MAKADARA,004,STAR OF THE SEA PRIMARY SCHOOL,001006002600403,564
006,MVITA,0026,MJI WA KALE/MAKADARA,004,STAR OF THE SEA PRIMARY SCHOOL,001006002600404,563
006,MVITA,0026,MJI WA KALE/MAKADARA,005,MBARAKI PRIMARY SCHOOL,001006002600501,402
006,MVITA,0026,MJI WA KALE/MAKADARA,005,MBARAKI PRIMARY SCHOOL,001006002600502,401
006,MVITA,0026,MJI WA KALE/MAKADARA,006,SONARA SOCIAL HALL,001006002600601,563
006,MVITA,0026,MJI WA KALE/MAKADARA,006,SONARA SOCIAL HALL,001006002600602,563
006,MVITA,0026,MJI WA KALE/MAKADARA,006,SONARA SOCIAL HALL,001006002600603,563
006,MVITA,0026,MJI WA KALE/MAKADARA,006,SONARA SOCIAL HALL,001006002600604,563
006,MVITA,0026,MJI WA KALE/MAKADARA,006,SONARA SOCIAL HALL,001006002600605,562
006,MVITA,0026,MJI WA KALE/MAKADARA,007,ALLIDINA VISRAM HIGH SCHOOL,001006002600701,691
006,MVITA,0026,MJI WA KALE/MAKADARA,007,ALLIDINA VISRAM HIGH SCHOOL,001006002600702,690
006,MVITA,0026,MJI WA KALE/MAKADARA,008,HAJAM JAMAAT HALL,001006002600801,573
006,MVITA,0026,MJI WA KALE/MAKADARA,008,HAJAM JAMAAT HALL,001006002600802,573
006,MVITA,0026,MJI WA KALE/MAKADARA,008,HAJAM JAMAAT HALL,001006002600803,573
006,MVITA,0026,MJI WA KALE/MAKADARA,009,SERANI PRIMARY SCHOOL,001006002600901,470
006,MVITA,0026,MJI WA KALE/MAKADARA,009,SERANI PRIMARY SCHOOL,001006002600902,469
006,MVITA,0026,MJI WA KALE/MAKADARA,010,MOMBASA PRIMARY SCHOOL,001006002601001,521
006,MVITA,0026,MJI WA KALE/MAKADARA,010,MOMBASA PRIMARY SCHOOL,001006002601002,520
006,MVITA,0026,MJI WA KALE/MAKADARA,010,MOMBASA PRIMARY SCHOOL,001006002601003,520
006,MVITA,0026,MJI WA KALE/MAKADARA,011,KENYA SCHOOL OF GOVERNMENT,001006002601101,524
006,MVITA,0026,MJI WA KALE/MAKADARA,011,KENYA SCHOOL OF GOVERNMENT,001006002601102,524
006,MVITA,0026,MJI WA KALE/MAKADARA,011,KENYA SCHOOL OF GOVERNMENT,001006002601103,524
006,MVITA,0026,MJI WA KALE/MAKADARA,012,TIJARA GARDENS,001006002601201,570
006,MVITA,0026,MJI WA KALE/MAKADARA,012,TIJARA GARDENS,001006002601202,570
006,MVITA,0026,MJI WA KALE/MAKADARA,012,TIJARA GARDENS,001006002601203,570
006,MVITA,0026,MJI WA KALE/MAKADARA,012,TIJARA GARDENS,001006002601204,570
006,MVITA,0026,MJI WA KALE/MAKADARA,012,TIJARA GARDENS,001006002601205,570
006,MVITA,0027,TUDOR,013,TUDOR VILLAGE HALL,001006002701301,662
006,MVITA,0027,TUDOR,013,TUDOR VILLAGE HALL,001006002701302,662
006,MVITA,0027,TUDOR,013,TUDOR VILLAGE HALL,001006002701303,662
006,MVITA,0027,TUDOR,013,TUDOR VILLAGE HALL,001006002701304,662
006,MVITA,0027,TUDOR,013,TUDOR VILLAGE HALL,001006002701305,662
006,MVITA,0027,TUDOR,013,TUDOR VILLAGE HALL,001006002701306,661
006,MVITA,0027,TUDOR,014,ST. AUGUSTINE PRIMARY SCHOOL,001006002701401,603
006,MVITA,0027,TUDOR,014,ST. AUGUSTINE PRIMARY SCHOOL,001006002701402,603
006,MVITA,0027,TUDOR,014,ST. AUGUSTINE PRIMARY SCHOOL,001006002701403,603
006,MVITA,0027,TUDOR,014,ST. AUGUSTINE PRIMARY SCHOOL,001006002701404,602
006,MVITA,0027,TUDOR,014,ST. AUGUSTINE PRIMARY SCHOOL,001006002701405,602
006,MVITA,0027,TUDOR,015,TUDOR PRIMARY SCHOOL,001006002701501,692
006,MVITA,0027,TUDOR,015,TUDOR PRIMARY SCHOOL,001006002701502,692
006,MVITA,0027,TUDOR,015,TUDOR PRIMARY SCHOOL,001006002701503,691
006,MVITA,0027,TUDOR,016,R. G. NGALA PRIMARY SCHOOL,001006002701601,657
006,MVITA,0027,TUDOR,016,R. G. NGALA PRIMARY SCHOOL,001006002701602,656
006,MVITA,0027,TUDOR,016,R. G. NGALA PRIMARY SCHOOL,001006002701603,656
006,MVITA,0027,TUDOR,017,FAHARI PRIMARY SCHOOL,001006002701701,451
006,MVITA,0027,TUDOR,017,FAHARI PRIMARY SCHOOL,001006002701702,450
006,MVITA,0027,TUDOR,018,SPARKI PRIMARY SCHOOL,001006002701801,599
006,MVITA,0027,TUDOR,018,SPARKI PRIMARY SCHOOL,001006002701802,599
006,MVITA,0027,TUDOR,019,BURHANIA PRIMARY SCHOOL,001006002701901,555
006,MVITA,0027,TUDOR,019,BURHANIA PRIMARY SCHOOL,001006002701902,554
006,MVITA,0027,TUDOR,019,BURHANIA PRIMARY SCHOOL,001006002701903,554
006,MVITA,0027,TUDOR,020,MUNICIPAL INSPECTORATE OFFICES,001006002702001,649
006,MVITA,0027,TUDOR,020,MUNICIPAL INSPECTORATE OFFICES,001006002702002,649
006,MVITA,0027,TUDOR,020,MUNICIPAL INSPECTORATE OFFICES,001006002702003,649
006,MVITA,0027,TUDOR,020,MUNICIPAL INSPECTORATE OFFICES,001006002702004,649
006,MVITA,0027,TUDOR,020,MUNICIPAL INSPECTORATE OFFICES,001006002702005,648
006,MVITA,0027,TUDOR,021,TUDOR DAY SECONDARY SCHOOL,001006002702101,630
006,MVITA,0027,TUDOR,021,TUDOR DAY SECONDARY SCHOOL,001006002702102,630
006,MVITA,0027,TUDOR,022,KPA HALL MAKANDE,001006002702201,491
006,MVITA,0027,TUDOR,022,KPA HALL MAKANDE,001006002702202,490
006,MVITA,0027,TUDOR,023,KHAMISI SECONDARY SCHOOL,001006002702301,663
006,MVITA,0027,TUDOR,023,KHAMISI SECONDARY SCHOOL,001006002702302,663
006,MVITA,0027,TUDOR,023,KHAMISI SECONDARY SCHOOL,001006002702303,663
006,MVITA,0027,TUDOR,023,KHAMISI SECONDARY SCHOOL,001006002702304,662
006,MVITA,0028,TONONOKA,024,MWEMBE-TAYARI PUBLIC HEALTH CLINIC (PHC),001006002802401,678
006,MVITA,0028,TONONOKA,024,MWEMBE-TAYARI PUBLIC HEALTH CLINIC (PHC),001006002802402,678
006,MVITA,0028,TONONOKA,024,MWEMBE-TAYARI PUBLIC HEALTH CLINIC (PHC),001006002802403,678
006,MVITA,0028,TONONOKA,024,MWEMBE-TAYARI PUBLIC HEALTH CLINIC (PHC),001006002802404,677
006,MVITA,0028,TONONOKA,024,MWEMBE-TAYARI PUBLIC HEALTH CLINIC (PHC),001006002802405,677
006,MVITA,0028,TONONOKA,025,KUMBAR PRIMARY SCHOOL,001006002802501,659
006,MVITA,0028,TONONOKA,025,KUMBAR PRIMARY SCHOOL,001006002802502,659
006,MVITA,0028,TONONOKA,025,KUMBAR PRIMARY SCHOOL,001006002802503,659
006,MVITA,0028,TONONOKA,025,KUMBAR PRIMARY SCHOOL,001006002802504,659
006,MVITA,0028,TONONOKA,026,AL-AMANI SOCIAL HALL - FLORINGI,001006002802601,579
006,MVITA,0028,TONONOKA,026,AL-AMANI SOCIAL HALL - FLORINGI,001006002802602,579
006,MVITA,0028,TONONOKA,026,AL-AMANI SOCIAL HALL - FLORINGI,001006002802603,578
006,MVITA,0028,TONONOKA,027,SHARIFF NASSIR SECONDARY SCHOOL,001006002802701,478
006,MVITA,0028,TONONOKA,027,SHARIFF NASSIR SECONDARY SCHOOL,001006002802702,478
006,MVITA,0028,TONONOKA,027,SHARIFF NASSIR SECONDARY SCHOOL,001006002802703,478
006,MVITA,0028,TONONOKA,028,CHANDARIA HALL,001006002802801,611
006,MVITA,0028,TONONOKA,028,CHANDARIA HALL,001006002802802,611
006,MVITA,0028,TONONOKA,028,CHANDARIA HALL,001006002802803,611
006,MVITA,0028,TONONOKA,029,KIKOWANI PRIMARY SCHOOL,001006002802901,458
006,MVITA,0028,TONONOKA,029,KIKOWANI PRIMARY SCHOOL,001006002802902,457
006,MVITA,0028,TONONOKA,030,TONONOKA SOCIAL HALL,001006002803001,662
006,MVITA,0028,TONONOKA,030,TONONOKA SOCIAL HALL,001006002803002,662
006,MVITA,0028,TONONOKA,030,TONONOKA SOCIAL HALL,001006002803003,662
006,MVITA,0028,TONONOKA,030,TONONOKA SOCIAL HALL,001006002803004,662
006,MVITA,0028,TONONOKA,030,TONONOKA SOCIAL HALL,001006002803005,661
006,MVITA,0028,TONONOKA,030,TONONOKA SOCIAL HALL,001006002803006,661
006,MVITA,0028,TONONOKA,030,TONONOKA SOCIAL HALL,001006002803007,661
006,MVITA,0028,TONONOKA,031,TONONOKA NURSERY SCHOOL,001006002803101,579
006,MVITA,0028,TONONOKA,031,TONONOKA NURSERY SCHOOL,001006002803102,579
006,MVITA,0028,TONONOKA,031,TONONOKA NURSERY SCHOOL,001006002803103,579
006,MVITA,0028,TONONOKA,032,MUNICIPAL STADIUM,001006002803201,578
006,MVITA,0028,TONONOKA,032,MUNICIPAL STADIUM,001006002803202,578
006,MVITA,0028,TONONOKA,032,MUNICIPAL STADIUM,001006002803203,578
006,MVITA,0028,TONONOKA,032,MUNICIPAL STADIUM,001006002803204,577
006,MVITA,0028,TONONOKA,032,MUNICIPAL STADIUM,001006002803205,577
006,MVITA,0028,TONONOKA,033,CENTRAL GIRLS PRIMARY SCHOOL,001006002803301,387
006,MVITA,0028,TONONOKA,033,CENTRAL GIRLS PRIMARY SCHOOL,001006002803302,387
006,MVITA,0028,TONONOKA,034,BUXTON ESTATE HALL,001006002803401,469
006,MVITA,0028,TONONOKA,034,BUXTON ESTATE HALL,001006002803402,469
006,MVITA,0028,TONONOKA,034,BUXTON ESTATE HALL,001006002803403,469
006,MVITA,0029,SHIMANZI/GANJONI,035,PUBLIC WORKS OFFICES,001006002903501,208
006,MVITA,0029,SHIMANZI/GANJONI,036,MAKANDE KPA NURSERY SCHOOL,001006002903601,618
006,MVITA,0029,SHIMANZI/GANJONI,036,MAKANDE KPA NURSERY SCHOOL,001006002903602,618
006,MVITA,0029,SHIMANZI/GANJONI,036,MAKANDE KPA NURSERY SCHOOL,001006002903603,618
006,MVITA,0029,SHIMANZI/GANJONI,037,MAKUPA PRIMARY SCHOOL,001006002903701,676
006,MVITA,0029,SHIMANZI/GANJONI,037,MAKUPA PRIMARY SCHOOL,001006002903702,676
006,MVITA,0029,SHIMANZI/GANJONI,037,MAKUPA PRIMARY SCHOOL,001006002903703,676
006,MVITA,0029,SHIMANZI/GANJONI,037,MAKUPA PRIMARY SCHOOL,001006002903704,676
006,MVITA,0029,SHIMANZI/GANJONI,038,MAKANDE PRIMARY SCHOOL,001006002903801,568
006,MVITA,0029,SHIMANZI/GANJONI,038,MAKANDE PRIMARY SCHOOL,001006002903802,567
006,MVITA,0029,SHIMANZI/GANJONI,038,MAKANDE PRIMARY SCHOOL,001006002903803,567
006,MVITA,0029,SHIMANZI/GANJONI,039,SHIMANZI KPA NURSERY SCHOOL,001006002903901,453
006,MVITA,0029,SHIMANZI/GANJONI,039,SHIMANZI KPA NURSERY SCHOOL,001006002903902,453
006,MVITA,0029,SHIMANZI/GANJONI,040,KPA HALL HIGH LEVEL,001006002904001,589
006,MVITA,0029,SHIMANZI/GANJONI,040,KPA HALL HIGH LEVEL,001006002904002,589
006,MVITA,0029,SHIMANZI/GANJONI,040,KPA HALL HIGH LEVEL,001006002904003,589
006,MVITA,0029,SHIMANZI/GANJONI,041,LITTLE THEATRE CLUB,001006002904101,527
006,MVITA,0029,SHIMANZI/GANJONI,041,LITTLE THEATRE CLUB,001006002904102,527
006,MVITA,0029,SHIMANZI/GANJONI,041,LITTLE THEATRE CLUB,001006002904103,527
006,MVITA,0029,SHIMANZI/GANJONI,042,SACRED HEART PRIMARY SCHOOL,001006002904201,612
006,MVITA,0029,SHIMANZI/GANJONI,042,SACRED HEART PRIMARY SCHOOL,001006002904202,612
006,MVITA,0029,SHIMANZI/GANJONI,042,SACRED HEART PRIMARY SCHOOL,001006002904203,612
006,MVITA,0029,SHIMANZI/GANJONI,042,SACRED HEART PRIMARY SCHOOL,001006002904204,612
006,MVITA,0029,SHIMANZI/GANJONI,042,SACRED HEART PRIMARY SCHOOL,001006002904205,612
006,MVITA,0029,SHIMANZI/GANJONI,042,SACRED HEART PRIMARY SCHOOL,001006002904206,612
006,MVITA,0029,SHIMANZI/GANJONI,043,KPA SOCIAL HALL,001006002904301,405
006,MVITA,0029,SHIMANZI/GANJONI,044,BANDARI COLLEGE,001006002904401,359
006,MVITA,0029,SHIMANZI/GANJONI,044,BANDARI COLLEGE,001006002904402,359
006,MVITA,0029,SHIMANZI/GANJONI,045,GANJONI MUNICIPAL CLINIC,001006002904501,585
006,MVITA,0029,SHIMANZI/GANJONI,045,GANJONI MUNICIPAL CLINIC,001006002904502,584
006,MVITA,0029,SHIMANZI/GANJONI,046,MAJENGO PRIMARY SCHOOL,001006002904601,533
006,MVITA,0029,SHIMANZI/GANJONI,046,MAJENGO PRIMARY SCHOOL,001006002904602,533
006,MVITA,0029,SHIMANZI/GANJONI,047,KING'ORANI PRISON (JELA BARIDI),001006002904701,402
006,MVITA,0029,SHIMANZI/GANJONI,047,KING'ORANI PRISON (JELA BARIDI),001006002904702,402
006,MVITA,0030,MAJENGO,048,PATEL SAMAJ HALL,001006003004801,597
006,MVITA,0030,MAJENGO,048,PATEL SAMAJ HALL,001006003004802,597
006,MVITA,0030,MAJENGO,048,PATEL SAMAJ HALL,001006003004803,597
006,MVITA,0030,MAJENGO,048,PATEL SAMAJ HALL,001006003004804,596
006,MVITA,0030,MAJENGO,048,PATEL SAMAJ HALL,001006003004805,596
006,MVITA,0030,MAJENGO,049,GURU NANAK PRIMARY SCHOOL,001006003004901,631
006,MVITA,0030,MAJENGO,049,GURU NANAK PRIMARY SCHOOL,001006003004902,631
006,MVITA,0030,MAJENGO,049,GURU NANAK PRIMARY SCHOOL,001006003004903,631
006,MVITA,0030,MAJENGO,049,GURU NANAK PRIMARY SCHOOL,001006003004904,631
006,MVITA,0030,MAJENGO,050,MWEMBE-TAYARI PUBLIC HEALTH DEPARTMENT,001006003005001,623
006,MVITA,0030,MAJENGO,050,MWEMBE-TAYARI PUBLIC HEALTH DEPARTMENT,001006003005002,623
006,MVITA,0030,MAJENGO,050,MWEMBE-TAYARI PUBLIC HEALTH DEPARTMENT,001006003005003,623
006,MVITA,0030,MAJENGO,050,MWEMBE-TAYARI PUBLIC HEALTH DEPARTMENT,001006003005004,623
006,MVITA,0030,MAJENGO,050,MWEMBE-TAYARI PUBLIC HEALTH DEPARTMENT,001006003005005,623
006,MVITA,0030,MAJENGO,050,MWEMBE-TAYARI PUBLIC HEALTH DEPARTMENT,001006003005006,623
006,MVITA,0030,MAJENGO,051,KOBLENZ HALL,001006003005101,481
006,MVITA,0030,MAJENGO,051,KOBLENZ HALL,001006003005102,480
006,MVITA,0030,MAJENGO,052,UHURU GARDENS,001006003005201,531
006,MVITA,0030,MAJENGO,052,UHURU GARDENS,001006003005202,530
006,MVITA,0030,MAJENGO,052,UHURU GARDENS,001006003005203,530
006,MVITA,0030,MAJENGO,053,LOHANA HALL,001006003005301,590
006,MVITA,0030,MAJENGO,053,LOHANA HALL,001006003005302,589
006,MVITA,0030,MAJENGO,053,LOHANA HALL,001006003005303,589
006,MVITA,0030,MAJENGO,053,LOHANA HALL,001006003005304,589
006,MVITA,0030,MAJENGO,053,LOHANA HALL,001006003005305,589
006,MVITA,0030,MAJENGO,054,LASCO SOCIAL HALL (KPA),001006003005401,680
006,MVITA,0030,MAJENGO,054,LASCO SOCIAL HALL (KPA),001006003005402,679
006,MVITA,0030,MAJENGO,054,LASCO SOCIAL HALL (KPA),001006003005403,679
006,MVITA,0030,MAJENGO,056,MAJENGO VILLAGE HALL,001006003005601,668
006,MVITA,0030,MAJENGO,056,MAJENGO VILLAGE HALL,001006003005602,668
006,MVITA,0030,MAJENGO,056,MAJENGO VILLAGE HALL,001006003005603,668
006,MVITA,0030,MAJENGO,056,MAJENGO VILLAGE HALL,001006003005604,668
006,MVITA,0030,MAJENGO,056,MAJENGO VILLAGE HALL,001006003005605,668
006,MVITA,0030,MAJENGO,056,MAJENGO VILLAGE HALL,001006003005606,668
006,MVITA,0030,MAJENGO,056,MAJENGO VILLAGE HALL,001006003005607,668
006,MVITA,0030,MAJENGO,057,SAKINA HALL,001006003005701,665
006,MVITA,0030,MAJENGO,057,SAKINA HALL,001006003005702,665
006,MVITA,0030,MAJENGO,057,SAKINA HALL,001006003005703,665
006,MVITA,0030,MAJENGO,057,SAKINA HALL,001006003005704,665
006,MVITA,0030,MAJENGO,057,SAKINA HALL,001006003005705,665
006,MVITA,0030,MAJENGO,058,MVITA PRIMARY SCHOOL,001006003005801,654
006,MVITA,0030,MAJENGO,058,MVITA PRIMARY SCHOOL,001006003005802,654
006,MVITA,0030,MAJENGO,058,MVITA PRIMARY SCHOOL,001006003005803,653
006,MVITA,0030,MAJENGO,058,MVITA PRIMARY SCHOOL,001006003005804,653
006,MVITA,0030,MAJENGO,058,MVITA PRIMARY SCHOOL,001006003005805,653
006,MVITA,0030,MAJENGO,058,MVITA PRIMARY SCHOOL,001006003005806,653
006,MVITA,0030,MAJENGO,058,MVITA PRIMARY SCHOOL,001006003005807,653
006,MVITA,0030,MAJENGO,059,MVITA BOYS SECONDARY SCHOOL,001006003005901,605
006,MVITA,0030,MAJENGO,059,MVITA BOYS SECONDARY SCHOOL,001006003005902,604
006,MVITA,0030,MAJENGO,059,MVITA BOYS SECONDARY SCHOOL,001006003005903,604
006,MVITA,0030,MAJENGO,059,MVITA BOYS SECONDARY SCHOOL,001006003005904,604
